rank,title,rated,released,runtime,genre/0,genre/1,director/0,actors/0,actors/1,actors/2,actors/3,plot,language/0,country/0,awards,metascore,imdbRating,imdbVotes,imdbID,language/1,language/2,language/3,language/4,genre/2,country/1,country/2,country/3,director/1,language/5,director/2,country/4,director/3,director/4
1,The Shawshank Redemption,R,14 Oct 1994,142 min,Crime,Drama,Frank Darabont,Tim Robbins,Morgan Freeman,Bob Gunton,William Sadler,"Two imprisoned men bond over a number of years, finding solace and eventual redemption through acts of common decency.",English,USA,Nominated for 7 Oscars. Another 16 wins & 16 nominations.,80,9.3,1385423,tt0111161,,,,,,,,,,,,,,
2,The Godfather,R,24 Mar 1972,175 min,Crime,Drama,Francis Ford Coppola,Marlon Brando,Al Pacino,James Caan,Richard S. Castellano,The aging patriarch of an organized crime dynasty transfers control of his clandestine empire to his reluctant son.,English,USA,Won 3 Oscars. Another 30 wins & 19 nominations.,100,9.2,948660,tt0068646,Italian,Latin,,,,,,,,,,,,
3,The Godfather: Part II,R,20 Dec 1974,200 min,Crime,Drama,Francis Ford Coppola,Al Pacino,Robert Duvall,Diane Keaton,Robert De Niro,"The early life and career of Vito Corleone in 1920s New York is portrayed while his son, Michael, expands and tightens his grip on his crime syndicate stretching from Lake Tahoe, Nevada to pre-revolution 1958 Cuba.",English,USA,Won 6 Oscars. Another 13 wins & 16 nominations.,80,9.1,634871,tt0071562,Italian,Spanish,Latin,Sicilian,,,,,,,,,,
4,The Dark Knight,PG-13,18 Jul 2008,152 min,Action,Crime,Christopher Nolan,Christian Bale,Heath Ledger,Aaron Eckhart,Michael Caine,"When the menace known as the Joker wreaks havoc and chaos on the people of Gotham, the caped crusader must come to terms with one of the greatest psychological tests of his ability to fight injustice.",English,USA,Won 2 Oscars. Another 131 wins & 105 nominations.,82,9,1353384,tt0468569,Mandarin,,,,Drama,UK,,,,,,,,
5,Pulp Fiction,R,14 Oct 1994,154 min,Crime,Drama,Quentin Tarantino,Tim Roth,Amanda Plummer,Laura Lovelace,John Travolta,"The lives of two mob hit men, a boxer, a gangster's wife, and a pair of diner bandits intertwine in four tales of violence and redemption.",English,USA,Won 1 Oscar. Another 63 wins & 47 nominations.,94,8.9,1064870,tt0110912,Spanish,French,,,Thriller,,,,,,,,,
6,12 Angry Men,Not Rated,01 Apr 1957,96 min,Drama,,Sidney Lumet,Martin Balsam,John Fiedler,Lee J. Cobb,E.G. Marshall,A dissenting juror in a murder trial slowly manages to convince the others that the case is not as obviously clear as it seemed in court.,English,USA,Nominated for 3 Oscars. Another 18 wins & 6 nominations.,,8.9,350665,tt0050083,,,,,,,,,,,,,,
7,Schindler's List,R,04 Feb 1994,195 min,Biography,Drama,Steven Spielberg,Liam Neeson,Ben Kingsley,Ralph Fiennes,Caroline Goodall,"In Poland during World War II, Oskar Schindler gradually becomes concerned for his Jewish workforce after witnessing their persecution by the Nazis.",English,USA,Won 7 Oscars. Another 73 wins & 26 nominations.,93,8.9,696784,tt0108052,Hebrew,German,Polish,,History,,,,,,,,,
8,"The Good, the Bad and the Ugly",Not Rated,23 Dec 1966,161 min,Western,,Sergio Leone,Eli Wallach,Clint Eastwood,Lee Van Cleef,Aldo Giuffrè,A bounty hunting scam joins two men in an uneasy alliance against a third in a race to find a fortune in gold buried in a remote cemetery.,Italian,Italy,1 win.,90,8.9,414809,tt0060196,,,,,,Spain,West Germany,USA,,,,,,
9,The Lord of the Rings: The Return of the King,PG-13,17 Dec 2003,201 min,Adventure,Fantasy,Peter Jackson,Noel Appleby,Ali Astin,Sean Astin,David Aston,Gandalf and Aragorn lead the World of Men against Sauron's army to draw his gaze from Frodo and Sam as they approach Mount Doom with the One Ring.,English,USA,Won 11 Oscars. Another 153 wins & 88 nominations.,94,8.9,997699,tt0167260,Quenya,Old English,Sindarin,,,New Zealand,,,,,,,,
10,Fight Club,R,15 Oct 1999,139 min,Drama,,David Fincher,Edward Norton,Brad Pitt,Helena Bonham Carter,Meat Loaf,"An insomniac office worker looking for a way to change his life crosses paths with a devil-may-care soap maker and they form an underground fight club that evolves into something much, much more...",English,USA,Nominated for 1 Oscar. Another 7 wins & 18 nominations.,66,8.9,1072079,tt0137523,,,,,,Germany,,,,,,,,
11,The Lord of the Rings: The Fellowship of the Ring,PG-13,19 Dec 2001,178 min,Adventure,Fantasy,Peter Jackson,Alan Howard,Elijah Wood,Noel Appleby,Sean Astin,A meek hobbit of the Shire and eight companions set out on a journey to Mount Doom to destroy the One Ring and the dark lord Sauron.,English,New Zealand,Won 4 Oscars. Another 101 wins & 99 nominations.,92,8.8,1011627,tt0120737,Sindarin,,,,,USA,,,,,,,,
12,Star Wars: Episode V - The Empire Strikes Back,PG,20 Jun 1980,124 min,Action,Adventure,Irvin Kershner,Mark Hamill,Harrison Ford,Carrie Fisher,Billy Dee Williams,"After the rebels have been brutally overpowered by the Empire on their newly established base, Luke Skywalker takes advanced Jedi training with Master Yoda, while his friends are pursued by Darth Vader as part of his plan to capture Luke.",English,USA,Won 1 Oscar. Another 15 wins & 16 nominations.,78,8.8,648291,tt0080684,,,,,Fantasy,,,,,,,,,
13,Forrest Gump,PG-13,06 Jul 1994,142 min,Drama,Romance,Robert Zemeckis,Tom Hanks,Rebecca Williams,Sally Field,Michael Conner Humphreys,"Forrest Gump, while not intelligent, has accidentally been present at many historic moments, but his true love, Jenny Curran, eludes him.",English,USA,Won 6 Oscars. Another 40 wins & 47 nominations.,82,8.8,981067,tt0109830,,,,,,,,,,,,,,
14,Inception,PG-13,16 Jul 2010,148 min,Action,Mystery,Christopher Nolan,Leonardo DiCaprio,Joseph Gordon-Levitt,Ellen Page,Tom Hardy,A thief who steals corporate secrets through use of dream-sharing technology is given the inverse task of planting an idea into the mind of a CEO.,English,USA,Won 4 Oscars. Another 140 wins & 166 nominations.,74,8.8,1153414,tt1375666,Japanese,French,,,Sci-Fi,UK,,,,,,,,
15,One Flew Over the Cuckoo's Nest,R,21 Nov 1975,133 min,Drama,,Milos Forman,Michael Berryman,Peter Brocco,Dean R. Brooks,Alonzo Brown,"Upon admittance to a mental institution, a brash rebel rallies the patients to take on the oppressive head nurse.",English,USA,Won 5 Oscars. Another 31 wins & 12 nominations.,79,8.7,569309,tt0073486,,,,,,,,,,,,,,
16,The Lord of the Rings: The Two Towers,PG-13,18 Dec 2002,179 min,Adventure,Fantasy,Peter Jackson,Bruce Allpress,Sean Astin,John Bach,Sala Baker,"While Frodo and Sam edge closer to Mordor with the help of the shifty Gollum, the divided fellowship makes a stand against Sauron's new ally, Saruman, and his hordes of Isengard.",English,USA,Won 2 Oscars. Another 89 wins & 98 nominations.,88,8.8,898563,tt0167261,Sindarin,Old English,,,,New Zealand,,,,,,,,
17,Goodfellas,R,21 Sep 1990,146 min,Biography,Crime,Martin Scorsese,Robert De Niro,Ray Liotta,Joe Pesci,Lorraine Bracco,Henry Hill and his friends work their way up through the mob hierarchy.,English,USA,Won 1 Oscar. Another 42 wins & 24 nominations.,89,8.7,593655,tt0099685,Italian,,,,Drama,,,,,,,,,
18,The Matrix,R,31 Mar 1999,136 min,Action,Sci-Fi,Andy Wachowski,Keanu Reeves,Laurence Fishburne,Carrie-Anne Moss,Hugo Weaving,A computer hacker learns from mysterious rebels about the true nature of his reality and his role in the war against its controllers.,English,USA,Won 4 Oscars. Another 34 wins & 39 nominations.,73,8.7,992323,tt0133093,,,,,,Australia,,,Lana Wachowski,,,,,
19,Star Wars: Episode IV - A New Hope,PG,25 May 1977,121 min,Action,Adventure,George Lucas,Mark Hamill,Harrison Ford,Carrie Fisher,Peter Cushing,"Luke Skywalker joins forces with a Jedi Knight, a cocky pilot, a wookiee and two droids to save the universe from the Empire's world-destroying battle-station, while also attempting to rescue Princess Leia from the evil Darth Vader.",English,USA,Won 6 Oscars. Another 38 wins & 26 nominations.,91,8.7,716697,tt0076759,,,,,Fantasy,,,,,,,,,
20,Seven Samurai,Unrated,19 Nov 1956,207 min,Drama,,Akira Kurosawa,Toshirô Mifune,Takashi Shimura,Keiko Tsushima,Yukiko Shimazaki,A poor village under attack by bandits recruits seven unemployed samurai to help them defend themselves.,Japanese,Japan,Nominated for 2 Oscars. Another 6 wins & 5 nominations.,99,8.7,193895,tt0047478,,,,,,,,,,,,,,
21,Interstellar,PG-13,07 Nov 2014,169 min,Adventure,Sci-Fi,Christopher Nolan,Ellen Burstyn,Matthew McConaughey,Mackenzie Foy,John Lithgow,A team of explorers travel through a wormhole in an attempt to ensure humanity's survival.,English,USA,Nominated for 5 Oscars. Another 17 wins & 67 nominations.,74,8.8,445408,tt0816692,,,,,,UK,Canada,,,,,,,
22,City of God,R,30 Aug 2002,130 min,Crime,Drama,Fernando Meirelles,Alexandre Rodrigues,Leandro Firmino,Phellipe Haagensen,Douglas Silva,"Two boys growing up in a violent neighborhood of Rio de Janeiro take different paths: one becomes a photographer, the other a drug dealer.",Portuguese,Brazil,Nominated for 4 Oscars. Another 65 wins & 28 nominations.,79,8.7,442333,tt0317248,,,,,,France,,,Kátia Lund,,,,,
23,Se7en,R,22 Sep 1995,127 min,Drama,Mystery,David Fincher,Morgan Freeman,Andrew Kevin Walker,Daniel Zacapa,Brad Pitt,"Two detectives, a rookie and a veteran, hunt a serial killer who uses the seven deadly sins as his modus operandi.",English,USA,Nominated for 1 Oscar. Another 27 wins & 18 nominations.,65,8.7,821409,tt0114369,,,,,Thriller,,,,,,,,,
24,The Usual Suspects,R,15 Sep 1995,106 min,Crime,Drama,Bryan Singer,Stephen Baldwin,Gabriel Byrne,Benicio Del Toro,Kevin Pollak,"A sole survivor tells of the twisty events leading up to a horrific gun battle on a boat, which begin when five criminals meet at a seemingly random police lineup.",English,USA,Won 2 Oscars. Another 31 wins & 8 nominations.,77,8.7,604149,tt0114814,Hungarian,Spanish,French,,Thriller,Germany,,,,,,,,
25,The Silence of the Lambs,R,14 Feb 1991,118 min,Drama,Thriller,Jonathan Demme,Jodie Foster,Lawrence A. Bonney,Kasi Lemmons,Lawrence T. Wrentz,A young F.B.I. cadet must confide in an incarcerated and manipulative killer to receive his help on catching another serial killer who skins his victims.,English,USA,Won 5 Oscars. Another 51 wins & 30 nominations.,84,8.6,694214,tt0102926,,,,,,,,,,,,,,
26,It's a Wonderful Life,Approved,07 Jan 1947,130 min,Drama,Family,Frank Capra,James Stewart,Donna Reed,Lionel Barrymore,Thomas Mitchell,An angel helps a compassionate but despairingly frustrated businessman by showing what life would have been like if he never existed.,English,USA,Nominated for 5 Oscars. Another 7 wins.,,8.7,226210,tt0038650,,,,,Fantasy,,,,,,,,,
27,Once Upon a Time in the West,PG-13,21 Dec 1968,175 min,Western,,Sergio Leone,Claudia Cardinale,Henry Fonda,Jason Robards,Charles Bronson,Epic story of a mysterious stranger with a harmonica who joins forces with a notorious desperado to protect a beautiful widow from a ruthless assassin working for the railroad.,English,Italy,5 wins & 4 nominations.,80,8.6,179968,tt0064116,Spanish,Italian,,,,USA,Spain,,,,,,,
28,Léon: The Professional,R,18 Nov 1994,110 min,Crime,Drama,Luc Besson,Jean Reno,Gary Oldman,Natalie Portman,Danny Aiello,"Mathilda, a 12-year-old girl, is reluctantly taken in by Léon, a professional assassin, after her family is murdered. Léon and Mathilda form an unusual relationship, as she becomes his protégée and learns the assassin's trade.",English,France,3 wins & 8 nominations.,64,8.6,581450,tt0110413,Italian,,,,Thriller,,,,,,,,,
29,Life Is Beautiful,PG-13,12 Feb 1999,116 min,Comedy,Drama,Roberto Benigni,Roberto Benigni,Nicoletta Braschi,Giorgio Cantarini,Giustino Durano,"A Jewish man has a wonderful romance with the help of his humour, but must use that same quality to protect his son in a Nazi concentration camp.",Italian,Italy,Won 3 Oscars. Another 61 wins & 39 nominations.,59,8.6,323231,tt0118799,German,English,,,Romance,,,,,,,,,
30,Casablanca,PG,23 Jan 1943,102 min,Drama,Romance,Michael Curtiz,Humphrey Bogart,Ingrid Bergman,Paul Henreid,Claude Rains,"Set in unoccupied Africa during the early days of World War II: An American expatriate meets a former lover, with unforeseen complications.",English,USA,Won 3 Oscars. Another 6 wins & 6 nominations.,,8.6,329912,tt0034583,French,German,Italian,,War,,,,,,,,,
31,Raiders of the Lost Ark,PG,12 Jun 1981,115 min,Action,Adventure,Steven Spielberg,Harrison Ford,Karen Allen,Paul Freeman,Ronald Lacey,Archaeologist and adventurer Indiana Jones is hired by the US government to find the Ark of the Covenant before the Nazis.,English,USA,Won 4 Oscars. Another 28 wins & 22 nominations.,90,8.6,545732,tt0082971,German,Hebrew,Spanish,Arabic,,,,,,Nepali,,,,
32,American History X,R,20 Nov 1998,119 min,Crime,Drama,Tony Kaye,Edward Norton,Edward Furlong,Beverly D'Angelo,Jennifer Lien,A former neo-nazi skinhead tries to prevent his younger brother from going down the same wrong path that he did.,English,USA,Nominated for 1 Oscar. Another 3 wins & 9 nominations.,62,8.6,638511,tt0120586,,,,,,,,,,,,,,
33,Saving Private Ryan,R,24 Jul 1998,169 min,Action,Drama,Steven Spielberg,Tom Hanks,Tom Sizemore,Edward Burns,Barry Pepper,"Following the Normandy Landings, a group of U.S. soldiers go behind enemy lines to retrieve a paratrooper whose brothers have been killed in action.",English,USA,Won 5 Oscars. Another 70 wins & 60 nominations.,90,8.6,710417,tt0120815,French,German,Czech,,War,,,,,,,,,
34,City Lights,N/A,07 Mar 1931,87 min,Comedy,Drama,Charles Chaplin,Virginia Cherrill,Florence Lee,Harry Myers,Al Ernest Garcia,"With the aid of a wealthy erratic tippler, a dewy-eyed tramp who has fallen in love with a sightless flower girl accumulates money to be able to help her medically.",English,USA,3 wins.,,8.6,83801,tt0021749,,,,,Romance,,,,,,,,,
35,Spirited Away,PG,28 Mar 2003,125 min,Animation,Adventure,Hayao Miyazaki,Rumi Hiiragi,Miyu Irino,Mari Natsuki,Takashi Naitô,"In the middle of her family's move to the suburbs, a sullen 10-year-old girl wanders into a world ruled by gods, witches, and monsters; where humans are changed into beasts.",Japanese,Japan,Won 1 Oscar. Another 50 wins & 22 nominations.,94,8.6,323438,tt0245429,,,,,Family,,,,Kirk Wise,,,,,
36,Psycho,R,08 Sep 1960,109 min,Horror,Mystery,Alfred Hitchcock,Anthony Perkins,Vera Miles,John Gavin,Janet Leigh,"A Phoenix secretary steals $40,000 from her employer's client, goes on the run and checks into a remote motel run by a young man under the domination of his mother.",English,USA,Nominated for 4 Oscars. Another 7 wins & 5 nominations.,,8.6,342949,tt0054215,,,,,Thriller,,,,,,,,,
37,Rear Window,Approved,29 Jan 1955,112 min,Mystery,Thriller,Alfred Hitchcock,James Stewart,Grace Kelly,Wendell Corey,Thelma Ritter,A wheelchair bound photographer spies on his neighbours from his apartment window and becomes convinced one of them has committed murder.,English,USA,Nominated for 4 Oscars. Another 7 wins & 7 nominations.,,8.6,260151,tt0047396,,,,,,,,,,,,,,
38,Whiplash,R,15 Oct 2014,107 min,Drama,Music,Damien Chazelle,Miles Teller,J.K. Simmons,Paul Reiser,Melissa Benoist,A promising young drummer enrolls at a cut-throat music conservatory where his dreams of greatness are mentored by an instructor who will stop at nothing to realize a student's potential.,English,USA,Nominated for 5 Oscars. Another 52 wins & 72 nominations.,88,8.7,64129,tt2582802,,,,,,,,,,,,,,
39,The Intouchables,R,02 Nov 2011,112 min,Biography,Comedy,Olivier Nakache,François Cluzet,Omar Sy,Anne Le Ny,Audrey Fleurot,"After he becomes a quadriplegic from a paragliding accident, an aristocrat hires a young man from the projects to be his caregiver.",French,France,Nominated for 1 Golden Globe. Another 31 wins & 36 nominations.,57,8.6,376150,tt1675434,English,,,,Drama,,,,Eric Toledano,,,,,
40,Modern Times,G,25 Feb 1936,87 min,Comedy,Drama,Charles Chaplin,Charles Chaplin,Paulette Goddard,Henry Bergman,Tiny Sandford,The Tramp struggles to live in modern industrial society with the help of a young homeless woman.,English,USA,3 wins & 1 nomination.,96,8.6,110052,tt0027977,,,,,,,,,,,,,,
41,Terminator 2: Judgment Day,R,03 Jul 1991,137 min,Action,Sci-Fi,James Cameron,Arnold Schwarzenegger,Linda Hamilton,Edward Furlong,Robert Patrick,"A cyborg, identical to the one who failed to kill Sarah Connor, must now protect her nine-year-old son, John, from a more advanced cyborg, made out of liquid metal.",English,USA,Won 4 Oscars. Another 20 wins & 21 nominations.,68,8.5,602335,tt0103064,Spanish,,,,,France,,,,,,,,
42,Memento,R,25 May 2001,113 min,Mystery,Thriller,Christopher Nolan,Guy Pearce,Carrie-Anne Moss,Joe Pantoliano,Mark Boone Junior,A man creates a strange system to help him remember things; so he can hunt for the murderer of his wife without his short-term memory loss being an obstacle.,English,USA,Nominated for 2 Oscars. Another 50 wins & 42 nominations.,80,8.5,703094,tt0209144,,,,,,,,,,,,,,
43,The Green Mile,R,10 Dec 1999,189 min,Crime,Drama,Frank Darabont,Tom Hanks,David Morse,Michael Clarke Duncan,Bonnie Hunt,"The lives of guards on Death Row are affected by one of their charges: a black man accused of child murder and rape, yet who has a mysterious gift.",English,USA,Nominated for 4 Oscars. Another 15 wins & 23 nominations.,61,8.5,601221,tt0120689,French,,,,Fantasy,,,,,,,,,
44,The Pianist,R,28 Mar 2003,150 min,Biography,Drama,Roman Polanski,Adrien Brody,Emilia Fox,Michal Zebrowski,Ed Stoppard,A Polish Jewish musician struggles to survive the destruction of the Warsaw ghetto of World War II.,English,France,Won 3 Oscars. Another 54 wins & 52 nominations.,85,8.5,393716,tt0253474,German,Russian,,,War,Poland,Germany,UK,,,,,,
45,The Departed,R,06 Oct 2006,151 min,Crime,Drama,Martin Scorsese,Leonardo DiCaprio,Matt Damon,Jack Nicholson,Mark Wahlberg,"An undercover state cop who has infiltrated an Irish gang and a mole in the police force working for the same mob race to track down and identify each other before being exposed to the enemy, after both sides realize their outfit has a rat.",English,USA,Won 4 Oscars. Another 87 wins & 77 nominations.,86,8.5,697806,tt0407887,Cantonese,,,,Thriller,Hong Kong,,,,,,,,
46,Apocalypse Now,R,15 Aug 1979,153 min,Drama,War,Francis Ford Coppola,Marlon Brando,Martin Sheen,Robert Duvall,Frederic Forrest,"During the Vietnam War, Captain Willard is sent on a dangerous mission into Cambodia to assassinate a renegade colonel who has set himself up as a god among a local tribe.",English,USA,Won 2 Oscars. Another 19 wins & 30 nominations.,90,8.5,376478,tt0078788,French,Vietnamese,Khmer,,,,,,,,,,,
47,Gladiator,R,05 May 2000,155 min,Action,Drama,Ridley Scott,Russell Crowe,Joaquin Phoenix,Connie Nielsen,Oliver Reed,"When a Roman general is betrayed and his family murdered by an emperor's corrupt son, he comes to Rome as a gladiator to seek revenge.",English,USA,Won 5 Oscars. Another 53 wins & 85 nominations.,64,8.5,782299,tt0172495,,,,,,UK,,,,,,,,
48,Sunset Blvd.,Not Rated,25 Aug 1950,110 min,Drama,Film-Noir,Billy Wilder,William Holden,Gloria Swanson,Erich von Stroheim,Nancy Olson,A hack screenwriter writes a screenplay for a former silent-film star who has faded into Hollywood obscurity.,English,USA,Won 3 Oscars. Another 18 wins & 14 nominations.,,8.5,115049,tt0043014,,,,,,,,,,,,,,
49,Dr. Strangelove or: How I Learned to Stop Worrying and Love the Bomb,PG,29 Jan 1964,95 min,Comedy,War,Stanley Kubrick,Peter Sellers,George C. Scott,Sterling Hayden,Keenan Wynn,An insane general triggers a path to nuclear holocaust that a war room full of politicians and generals frantically try to stop.,English,USA,Nominated for 4 Oscars. Another 15 wins & 4 nominations.,96,8.5,291737,tt0057012,Russian,,,,,UK,,,,,,,,
50,Back to the Future,PG,03 Jul 1985,116 min,Adventure,Comedy,Robert Zemeckis,Michael J. Fox,Christopher Lloyd,Lea Thompson,Crispin Glover,"A young man is accidentally sent 30 years into the past in a time-traveling DeLorean invented by his friend, Dr. Emmett Brown, and must make sure his high-school-age parents unite in order to save his own existence.",English,USA,Won 1 Oscar. Another 17 wins & 24 nominations.,86,8.5,569097,tt0088763,,,,,Sci-Fi,,,,,,,,,
51,Alien,R,22 Jun 1979,117 min,Horror,Sci-Fi,Ridley Scott,Tom Skerritt,Sigourney Weaver,Veronica Cartwright,Harry Dean Stanton,"The commercial vessel Nostromo receives a distress call from an unexplored planet. After searching for survivors, the crew heads home only to realize that a deadly bioform has joined them.",English,USA,Won 1 Oscar. Another 14 wins & 18 nominations.,83,8.5,454289,tt0078748,Spanish,,,,,UK,,,,,,,,
52,The Prestige,PG-13,20 Oct 2006,130 min,Drama,Mystery,Christopher Nolan,Hugh Jackman,Christian Bale,Michael Caine,Piper Perabo,Two stage magicians engage in competitive one-upmanship in an attempt to create the ultimate stage illusion.,English,USA,Nominated for 2 Oscars. Another 6 wins & 21 nominations.,66,8.5,667568,tt0482571,,,,,Thriller,UK,,,,,,,,
53,The Great Dictator,Approved,07 Mar 1941,125 min,Comedy,Drama,Charles Chaplin,Charles Chaplin,Jack Oakie,Reginald Gardiner,Henry Daniell,Dictator Adenoid Hynkel tries to expand his empire while a poor Jewish barber tries to avoid persecution from Hynkel's regime.,English,USA,Nominated for 5 Oscars. Another 5 wins & 1 nomination.,,8.5,106943,tt0032553,Esperanto,,,,War,,,,,,,,,
54,The Lion King,G,24 Jun 1994,89 min,Animation,Adventure,Roger Allers,Jonathan Taylor Thomas,Matthew Broderick,James Earl Jones,Jeremy Irons,"Lion cub and future king Simba tests his limits, supported by his family, but sometimes gets in over his head.",English,USA,Won 2 Oscars. Another 26 wins & 24 nominations.,83,8.5,489716,tt0110357,Swahili,Xhosa,Zulu,,Drama,,,,Rob Minkoff,,,,,
55,The Lives of Others,R,23 Mar 2006,137 min,Drama,Thriller,Florian Henckel von Donnersmarck,Martina Gedeck,Ulrich Mühe,Sebastian Koch,Ulrich Tukur,"In 1984 East Berlin, an agent of the secret police, conducting surveillance on a writer and his lover, finds himself becoming increasingly absorbed by their lives.",German,Germany,Won 1 Oscar. Another 77 wins & 27 nominations.,89,8.5,213367,tt0405094,,,,,,,,,,,,,,
56,Django Unchained,R,25 Dec 2012,165 min,Western,,Quentin Tarantino,Jamie Foxx,Christoph Waltz,Leonardo DiCaprio,Kerry Washington,"With the help of a German bounty hunter, a freed slave sets out to rescue his wife from a brutal Mississippi plantation owner.",English,USA,Won 2 Oscars. Another 61 wins & 95 nominations.,81,8.5,715766,tt1853728,German,French,,,,,,,,,,,,
57,Cinema Paradiso,R,23 Feb 1990,155 min,Drama,,Giuseppe Tornatore,Antonella Attili,Enzo Cannavale,Isa Danieli,Leo Gullotta,"A filmmaker recalls his childhood, when he fell in love with the movies at his village's theater and formed a deep friendship with the theater's projectionist.",Italian,Italy,Won 1 Oscar. Another 20 wins & 22 nominations.,80,8.5,121317,tt0095765,English,Portuguese,,,,France,,,,,,,,
58,The Shining,R,23 May 1980,144 min,Horror,,Stanley Kubrick,Jack Nicholson,Shelley Duvall,Danny Lloyd,Scatman Crothers,"A family heads to an isolated hotel for the winter where an evil and spiritual presence influences the father into violence, while his psychic son sees horrific forebodings from the past and of the future.",English,UK,3 wins & 5 nominations.,61,8.5,488653,tt0081505,,,,,,USA,,,,,,,,
59,The Dark Knight Rises,PG-13,20 Jul 2012,165 min,Action,Thriller,Christopher Nolan,Christian Bale,Gary Oldman,Tom Hardy,Joseph Gordon-Levitt,"Eight years after the Joker's reign of anarchy, the Dark Knight is forced to return from his imposed exile to save Gotham City from the brutal guerrilla terrorist Bane with the help of the enigmatic Catwoman.",English,USA,Nominated for 1 BAFTA Film Award. Another 43 wins & 82 nominations.,78,8.5,917049,tt1345836,,,,,,UK,,,,,,,,
60,Paths of Glory,Approved,25 Oct 1957,88 min,Drama,War,Stanley Kubrick,Kirk Douglas,Ralph Meeker,Adolphe Menjou,George Macready,"When soldiers in World War I refuse to continue with an impossible attack, their superior officers decide to make an example of them.",English,USA,Nominated for 1 BAFTA Film Award. Another 3 wins & 2 nominations.,,8.5,97840,tt0050825,German,Latin,,,,,,,,,,,,
61,American Beauty,R,01 Oct 1999,122 min,Drama,,Sam Mendes,Kevin Spacey,Annette Bening,Thora Birch,Wes Bentley,A sexually frustrated suburban father has a mid-life crisis after becoming infatuated with his daughter's best friend.,English,USA,Won 5 Oscars. Another 109 wins & 81 nominations.,86,8.4,681743,tt0169547,,,,,,,,,,,,,,
62,WALL·E,G,27 Jun 2008,98 min,Animation,Adventure,Andrew Stanton,Ben Burtt,Elissa Knight,Jeff Garlin,Fred Willard,"In the distant future, a small waste collecting robot inadvertently embarks on a space journey that will ultimately decide the fate of mankind.",English,USA,Won 1 Oscar. Another 81 wins & 60 nominations.,94,8.5,560568,tt0910970,,,,,Romance,,,,,,,,,
63,North by Northwest,Approved,26 Sep 1959,136 min,Action,Adventure,Alfred Hitchcock,Cary Grant,Eva Marie Saint,James Mason,Jessie Royce Landis,"A hapless New York advertising executive is mistaken for a government agent by a group of foreign spies, and is pursued across the country while he looks for a way to survive.",English,USA,Nominated for 3 Oscars. Another 8 wins & 4 nominations.,,8.4,186356,tt0053125,,,,,Mystery,,,,,,,,,
64,Aliens,R,18 Jul 1986,137 min,Action,Adventure,James Cameron,Sigourney Weaver,Carrie Henn,Michael Biehn,Paul Reiser,"The planet from Alien (1979) has been colonized, but contact is lost. This time, the rescue team has impressive firepower, but will it be enough?",English,USA,Won 2 Oscars. Another 16 wins & 21 nominations.,87,8.4,403346,tt0090605,,,,,Sci-Fi,UK,,,,,,,,
65,Citizen Kane,Approved,05 Sep 1941,119 min,Drama,Mystery,Orson Welles,Joseph Cotten,Dorothy Comingore,Agnes Moorehead,Ruth Warrick,"Following the death of a publishing tycoon, news reporters scramble to discover the meaning of his final utterance.",English,USA,Won 1 Oscar. Another 8 wins & 10 nominations.,,8.4,252413,tt0033467,,,,,,,,,,,,,,
66,Vertigo,Approved,21 Jul 1958,128 min,Mystery,Romance,Alfred Hitchcock,James Stewart,Kim Novak,Barbara Bel Geddes,Tom Helmore,"A retired San Francisco detective suffering from acrophobia investigates the strange activities of an old friend's wife, all the while becoming dangerously obsessed with her.",English,USA,Nominated for 2 Oscars. Another 8 wins & 3 nominations.,,8.4,201979,tt0052357,,,,,Thriller,,,,,,,,,
67,Amélie,R,08 Feb 2002,122 min,Comedy,Romance,Jean-Pierre Jeunet,Audrey Tautou,Mathieu Kassovitz,Rufus,Lorella Cravotta,"Amelie is an innocent and naive girl in Paris with her own sense of justice. She decides to help those around her and, along the way, discovers love.",French,France,Nominated for 5 Oscars. Another 55 wins & 57 nominations.,69,8.4,440245,tt0211915,Russian,,,,,Germany,,,,,,,,
68,Grave of the Fireflies,Unrated,16 Apr 1988,89 min,Animation,Drama,Isao Takahata,Tsutomu Tatsumi,Ayano Shiraishi,Yoshiko Shinohara,Akemi Yamaguchi,A tragic film covering a young boy and his little sister's struggle to survive in Japan during World War II.,Japanese,Japan,3 wins.,,8.5,103137,tt0095327,,,,,War,,,,,,,,,
69,M,Not Rated,31 Aug 1931,99 min,Crime,Drama,Fritz Lang,Peter Lorre,Ellen Widmann,Inge Landgut,Otto Wernicke,"When the police in a German city are unable to catch a child-murderer, other criminals join in the manhunt.",German,Germany,2 wins.,,8.5,82944,tt0022100,,,,,Thriller,,,,,,,,,
70,Das Boot,R,10 Feb 1982,149 min,Adventure,Drama,Wolfgang Petersen,Jürgen Prochnow,Herbert Grönemeyer,Klaus Wennemann,Hubertus Bengsch,"The claustrophobic world of a WWII German U-boat; boredom, filth, and sheer terror.",German,West Germany,Nominated for 6 Oscars. Another 13 wins & 5 nominations.,86,8.4,141899,tt0082096,English,French,,,War,,,,,,,,,
71,Oldboy,R,21 Nov 2003,120 min,Drama,Mystery,Chan-wook Park,Min-sik Choi,Ji-tae Yu,Hye-jeong Kang,Dae-han Ji,"After being kidnapped and imprisoned for 15 years, Oh Dae-Su is released, only to find that he must find his captor in 5 days.",Korean,South Korea,23 wins & 12 nominations.,74,8.4,286340,tt0364569,,,,,Thriller,,,,,,,,,
72,Princess Mononoke,PG-13,12 Jul 1997,134 min,Animation,Adventure,Hayao Miyazaki,Billy Crudup,Billy Bob Thornton,Minnie Driver,John DiMaggio,"On a journey to find the cure for a Tatarigami's curse, Ashitaka finds himself in the middle of a war between the forest gods and Tatara, a mining colony. In this quest he also meets San, the Mononoke Hime.",Japanese,Japan,11 wins & 5 nominations.,76,8.4,175756,tt0119698,,,,,Fantasy,,,,,,,,,
73,Toy Story 3,G,18 Jun 2010,103 min,Animation,Adventure,Lee Unkrich,Tom Hanks,Tim Allen,Joan Cusack,Ned Beatty,"The toys are mistakenly delivered to a day-care center instead of the attic right before Andy leaves for college, and it's up to Woody to convince the other toys that they weren't abandoned and to return home.",English,USA,Won 2 Oscars. Another 57 wins & 73 nominations.,92,8.4,428760,tt0435761,Spanish,,,,Comedy,,,,,,,,,
74,Star Wars: Episode VI - Return of the Jedi,PG,25 May 1983,134 min,Action,Adventure,Richard Marquand,Mark Hamill,Harrison Ford,Carrie Fisher,Billy Dee Williams,"After rescuing Han Solo from the palace of Jabba the Hutt, the rebels attempt to destroy the second Death Star, while Luke struggles to make Vader shake off of the dark side of the Force.",English,USA,Nominated for 4 Oscars. Another 15 wins & 14 nominations.,52,8.4,515453,tt0086190,,,,,Fantasy,,,,,,,,,
75,Once Upon a Time in America,R,28 Sep 1984,229 min,Crime,Drama,Sergio Leone,Robert De Niro,James Woods,Elizabeth McGovern,Joe Pesci,"A former Prohibition-era Jewish gangster returns to the Lower East Side of Manhattan over thirty years later, where he once again must confront the ghosts and regrets of his old life.",English,Italy,Nominated for 2 Golden Globes. Another 13 wins & 4 nominations.,,8.4,181154,tt0087843,Italian,French,,,,USA,,,,,,,,
76,Reservoir Dogs,R,02 Sep 1992,99 min,Crime,Drama,Quentin Tarantino,Harvey Keitel,Tim Roth,Michael Madsen,Chris Penn,"After a simple jewelery heist goes terribly wrong, the surviving criminals begin to suspect that one of them is a police informant.",English,USA,12 wins & 10 nominations.,78,8.4,529687,tt0105236,,,,,,,,,,,,,,
77,A Clockwork Orange,X,02 Feb 1972,136 min,Crime,Drama,Stanley Kubrick,Malcolm McDowell,Patrick Magee,Michael Bates,Warren Clarke,"In future Britain, charismatic delinquent Alex DeLarge is jailed and volunteers for an experimental aversion therapy developed by the government in an effort to solve society's crime problem - but not all goes according to plan.",English,UK,Nominated for 4 Oscars. Another 12 wins & 13 nominations.,78,8.4,448860,tt0066921,,,,,Sci-Fi,USA,,,,,,,,
78,Taxi Driver,R,08 Feb 1976,113 min,Crime,Drama,Martin Scorsese,Diahnne Abbott,Frank Adu,Victor Argo,Gino Ardito,"A mentally unstable Vietnam war veteran works as a night-time taxi driver in New York City where the perceived decadence and sleaze feeds his urge for violent action, attempting to save a preadolescent prostitute in the process.",English,USA,Nominated for 4 Oscars. Another 27 wins & 9 nominations.,93,8.4,408197,tt0075314,Spanish,,,,,,,,,,,,,
79,Braveheart,R,24 May 1995,177 min,Action,Biography,Mel Gibson,James Robinson,Sean Lawlor,Sandy Nelson,James Cosmo,"When his secret bride is executed for assaulting an English soldier who tried to rape her, William Wallace begins a revolt and leads Scottish warriors against the cruel English tyrant who rules Scotland with an iron fist.",English,USA,Won 5 Oscars. Another 20 wins & 20 nominations.,68,8.4,604533,tt0112573,French,Latin,Scottish Gaelic,,Drama,,,,,,,,,
80,Double Indemnity,N/A,24 Apr 1944,107 min,Crime,Drama,Billy Wilder,Fred MacMurray,Barbara Stanwyck,Edward G. Robinson,Porter Hall,An insurance representative lets himself be talked into a murder/insurance fraud scheme that arouses an insurance investigator's suspicions.,English,USA,Nominated for 7 Oscars. Another 4 wins.,,8.4,81165,tt0036775,,,,,Film-Noir,,,,,,,,,
81,Requiem for a Dream,R,27 Oct 2000,102 min,Drama,,Darren Aronofsky,Ellen Burstyn,Jared Leto,Jennifer Connelly,Marlon Wayans,The drug-induced utopias of four Coney Island people are shattered when their addictions become stronger.,English,USA,Nominated for 1 Oscar. Another 32 wins & 47 nominations.,68,8.4,473193,tt0180093,,,,,,,,,,,,,,
82,To Kill a Mockingbird,Not Rated,16 Mar 1963,129 min,Drama,,Robert Mulligan,Gregory Peck,John Megna,Frank Overton,Rosemary Murphy,"Atticus Finch, a lawyer in the Depression-era South, defends a black man against an undeserved rape charge, and his kids against prejudice.",English,USA,Won 3 Oscars. Another 14 wins & 12 nominations.,,8.4,175366,tt0056592,,,,,,,,,,,,,,
83,Witness for the Prosecution,Approved,06 Feb 1958,116 min,Crime,Drama,Billy Wilder,Tyrone Power,Marlene Dietrich,Charles Laughton,Elsa Lanchester,Leonard Vole is arrested on suspicion of murdering an elderly acquaintance. He employs an experienced but aging barrister as his defense attorney.,English,USA,Nominated for 6 Oscars. Another 4 wins & 8 nominations.,,8.5,48391,tt0051201,German,,,,Mystery,,,,,,,,,
84,Lawrence of Arabia,PG,10 Dec 1962,216 min,Adventure,Biography,David Lean,Peter O'Toole,Alec Guinness,Anthony Quinn,Jack Hawkins,A flamboyant and controversial British military figure and his conflicted loyalties during his World War I service in the Middle East.,English,UK,Won 7 Oscars. Another 21 wins & 14 nominations.,100,8.4,158460,tt0056172,Arabic,Turkish,,,Drama,,,,,,,,,
85,Eternal Sunshine of the Spotless Mind,R,19 Mar 2004,108 min,Drama,Romance,Michel Gondry,Jim Carrey,Kate Winslet,Gerry Robert Byrne,Elijah Wood,"When their relationship turns sour, a couple undergoes a procedure to have each other erased from their memories. But it is only through the process of loss that they discover what they had to begin with.",English,USA,Won 1 Oscar. Another 64 wins & 62 nominations.,89,8.4,544699,tt0338013,,,,,Sci-Fi,,,,,,,,,
86,Full Metal Jacket,R,10 Jul 1987,116 min,Drama,War,Stanley Kubrick,Matthew Modine,Adam Baldwin,Vincent D'Onofrio,R. Lee Ermey,A pragmatic U.S. Marine observes the dehumanizing effects the U.S.-Vietnam War has on his fellow recruits from their brutal boot camp training to the bloody street fighting in Hue.,English,UK,Nominated for 1 Oscar. Another 9 wins & 7 nominations.,78,8.4,388265,tt0093058,Vietnamese,,,,,USA,,,,,,,,
87,Singin' in the Rain,Approved,11 Apr 1952,103 min,Comedy,Musical,Stanley Donen,Gene Kelly,Donald O'Connor,Debbie Reynolds,Jean Hagen,A silent film production company and cast make a difficult transition to sound.,English,USA,Nominated for 2 Oscars. Another 5 wins & 7 nominations.,,8.4,123170,tt0045152,,,,,Romance,,,,Gene Kelly,,,,,
88,The Sting,PG,26 Dec 1973,129 min,Comedy,Crime,George Roy Hill,Paul Newman,Robert Redford,Robert Shaw,Charles Durning,"In 1930s Chicago, a young con man seeking revenge for his murdered partner teams up with a master of the big con to win a fortune from a criminal banker.",English,USA,Won 7 Oscars. Another 10 wins & 6 nominations.,,8.4,144830,tt0070735,,,,,Drama,,,,,,,,,
89,Bicycle Thieves,Not Rated,13 Dec 1949,93 min,Drama,,Vittorio De Sica,Lamberto Maggiorani,Enzo Staiola,Lianella Carell,Gino Saltamerenda,A man and his son search for a stolen bicycle vital for his job.,Italian,Italy,Nominated for 1 Oscar. Another 18 wins.,,8.4,75039,tt0040522,,,,,,,,,,,,,,
90,Amadeus,R,05 Apr 1985,160 min,Biography,Drama,Milos Forman,F. Murray Abraham,Tom Hulce,Elizabeth Berridge,Roy Dotrice,"The incredible story of Wolfgang Amadeus Mozart, told by his peer and secret rival Antonio Salieri - now confined to an insane asylum.",English,USA,Won 8 Oscars. Another 34 wins & 13 nominations.,93,8.4,223846,tt0086879,Italian,Latin,German,,Music,,,,,,,,,
91,Monty Python and the Holy Grail,PG,23 May 1975,91 min,Adventure,Comedy,Terry Gilliam,Graham Chapman,John Cleese,Eric Idle,Terry Gilliam,"King Arthur and his knights embark on a low-budget search for the Grail, encountering many very silly obstacles.",English,UK,1 win & 2 nominations.,90,8.4,320348,tt0071853,French,Latin,,,Fantasy,,,,Terry Jones,,,,,
92,Snatch.,R,19 Jan 2001,102 min,Comedy,Crime,Guy Ritchie,Benicio Del Toro,Dennis Farina,Vinnie Jones,Brad Pitt,"Unscrupulous boxing promoters, violent bookmakers, a Russian gangster, incompetent amateur robbers, and supposedly Jewish jewelers fight to track down a priceless stolen diamond.",English,UK,4 wins & 5 nominations.,55,8.3,497375,tt0208092,Russian,,,,,USA,,,,,,,,
93,2001: A Space Odyssey,G,15 May 1968,160 min,Mystery,Sci-Fi,Stanley Kubrick,Keir Dullea,Gary Lockwood,William Sylvester,Daniel Richter,"Humanity finds a mysterious, obviously artificial, object buried beneath the Lunar surface and, with the intelligent computer H.A.L. 9000, sets off on a quest.",English,USA,Won 1 Oscar. Another 14 wins & 6 nominations.,86,8.3,341039,tt0062622,Russian,,,,,UK,,,,,,,,
94,Rashomon,Unrated,26 Dec 1951,88 min,Crime,Drama,Akira Kurosawa,Toshirô Mifune,Machiko Kyô,Masayuki Mori,Takashi Shimura,A heinous crime and its aftermath are recalled from differing points of view.,Japanese,Japan,Nominated for 1 Oscar. Another 10 wins & 2 nominations.,,8.4,84083,tt0042876,,,,,Mystery,,,,,,,,,
95,For a Few Dollars More,Approved,10 May 1967,132 min,Western,,Sergio Leone,Clint Eastwood,Lee Van Cleef,Gian Maria Volonté,Mario Brega,"Two bounty hunters with the same intentions, team up to track down a Western outlaw.",Italian,Italy,N/A,,8.3,122867,tt0059578,English,,,,,Spain,West Germany,,,,,,,
96,L.A. Confidential,R,19 Sep 1997,138 min,Crime,Drama,Curtis Hanson,Kevin Spacey,Russell Crowe,Guy Pearce,James Cromwell,"As corruption grows in 1950s LA, three policemen - one strait-laced, one brutal, and one sleazy - investigate a series of murders with their own brand of justice.",English,USA,Won 2 Oscars. Another 84 wins & 60 nominations.,90,8.3,354898,tt0119488,,,,,Mystery,,,,,,,,,
97,The Kid,Not Rated,06 Feb 1921,68 min,Comedy,Drama,Charles Chaplin,Carl Miller,Edna Purviance,Jackie Coogan,Charles Chaplin,"The Tramp cares for an abandoned child, but events put that relationship in jeopardy.",English,USA,1 win.,,8.4,49832,tt0012349,,,,,Family,,,,,,,,,
98,All About Eve,Approved,15 Jan 1951,138 min,Drama,,Joseph L. Mankiewicz,Bette Davis,Anne Baxter,George Sanders,Celeste Holm,An ingenue insinuates herself in to the company of an established but aging stage actress and her circle of theater friends.,English,USA,Won 6 Oscars. Another 17 wins & 16 nominations.,,8.4,69379,tt0042192,French,,,,,,,,,,,,,
99,The Apartment,Approved,16 Sep 1960,125 min,Comedy,Drama,Billy Wilder,Jack Lemmon,Shirley MacLaine,Fred MacMurray,Ray Walston,"A man tries to rise in his company by letting its executives use his apartment for trysts, but complications and a romance of his own ensue.",English,USA,Won 5 Oscars. Another 19 wins & 8 nominations.,,8.4,89161,tt0053604,,,,,Romance,,,,,,,,,
100,Inglourious Basterds,R,21 Aug 2009,153 min,Adventure,Drama,Quentin Tarantino,Brad Pitt,Mélanie Laurent,Christoph Waltz,Eli Roth,"In Nazi-occupied France during World War II, a plan to assassinate Nazi leaders by a group of Jewish U.S. soldiers coincides with a theatre owner's vengeful plans for the same.",English,USA,Won 1 Oscar. Another 125 wins & 100 nominations.,69,8.3,684140,tt0361748,German,French,Italian,,War,Germany,,,Eli Roth,,,,,
101,Some Like It Hot,Not Rated,29 Mar 1959,120 min,Comedy,,Billy Wilder,Marilyn Monroe,Tony Curtis,Jack Lemmon,George Raft,"When two musicians witness a mob hit, they flee the state in an all female band disguised as women, but further complications set in.",English,USA,Won 1 Oscar. Another 13 wins & 9 nominations.,,8.3,146658,tt0053291,,,,,,,,,,,,,,
102,Toy Story,G,22 Nov 1995,81 min,Animation,Adventure,John Lasseter,Tom Hanks,Tim Allen,Don Rickles,Jim Varney,A cowboy doll is profoundly threatened and jealous when a new spaceman figure supplants him as top toy in a boy's room.,English,USA,Nominated for 3 Oscars. Another 20 wins & 13 nominations.,92,8.3,480834,tt0114709,,,,,Comedy,,,,,,,,,
103,Indiana Jones and the Last Crusade,PG-13,24 May 1989,127 min,Action,Adventure,Steven Spielberg,Harrison Ford,Sean Connery,Denholm Elliott,Alison Doody,"When Dr. Henry Jones Sr. suddenly goes missing while pursuing the Holy Grail, eminent archaeologist Indiana Jones must follow in his father's footsteps and stop the Nazis.",English,USA,Won 1 Oscar. Another 5 wins & 19 nominations.,65,8.3,415676,tt0097576,German,Greek,,,,,,,,,,,,
104,The Treasure of the Sierra Madre,Not Rated,24 Jan 1948,126 min,Action,Adventure,John Huston,Humphrey Bogart,Walter Huston,Tim Holt,Bruce Bennett,"Fred Dobbs and Bob Curtin, two Americans searching for work in Mexico, convince an old prospector to help them mine for gold in the Sierra Madre Mountains.",English,USA,Won 3 Oscars. Another 13 wins & 4 nominations.,,8.4,66586,tt0040897,Spanish,,,,Drama,,,,,,,,,
105,A Separation,PG-13,16 Mar 2011,123 min,Drama,,Asghar Farhadi,Peyman Moaadi,Leila Hatami,Sareh Bayat,Shahab Hosseini,A married couple are faced with a difficult decision - to improve the life of their child by moving to another country or to stay in Iran and look after a deteriorating parent who has Alzheimer's disease.,Persian,Iran,Won 1 Oscar. Another 82 wins & 29 nominations.,95,8.4,123380,tt1832382,,,,,,,,,,,,,,
106,The Third Man,Not Rated,31 Aug 1949,93 min,Film-Noir,Mystery,Carol Reed,Joseph Cotten,Alida Valli,Orson Welles,Trevor Howard,"Pulp novelist Holly Martins travels to shadowy, postwar Vienna, only to find himself investigating the mysterious death of an old friend, black-market opportunist Harry Lime.",English,UK,Won 1 Oscar. Another 4 wins & 4 nominations.,,8.3,95468,tt0041959,German,Russian,,,Thriller,,,,,,,,,
107,Yojimbo,Unrated,13 Sep 1961,110 min,Action,Drama,Akira Kurosawa,Toshirô Mifune,Tatsuya Nakadai,Yôko Tsukasa,Isuzu Yamada,A crafty ronin comes to a town divided by two criminal gangs and decides to play them against each other to free the town.,Japanese,Japan,Nominated for 1 Oscar. Another 4 wins & 1 nomination.,,8.4,60683,tt0055630,,,,,,,,,,,,,,
108,Batman Begins,PG-13,15 Jun 2005,140 min,Action,Adventure,Christopher Nolan,Christian Bale,Michael Caine,Liam Neeson,Katie Holmes,"After training with his mentor, Batman begins his war on crime to free the crime-ridden Gotham City from corruption that the Scarecrow and the League of Shadows have cast upon it.",English,USA,Nominated for 1 Oscar. Another 15 wins & 48 nominations.,70,8.3,769765,tt0372784,Urdu,Mandarin,,,,UK,,,,,,,,
109,Like Stars on Earth,PG,21 Dec 2007,165 min,Drama,Family,Aamir Khan,Darsheel Safary,Aamir Khan,Tanay Chheda,Sachet Engineer,"An eight year old boy is thought to be lazy and a troublemaker, until the new art teacher has the patience and compassion to discover the real problem behind his struggles in school.",Hindi,India,13 wins & 15 nominations.,,8.5,66067,tt0986264,English,,,,,,,,Amole Gupte,,,,,
110,Metropolis,Not Rated,13 Mar 1927,153 min,Drama,Sci-Fi,Fritz Lang,Alfred Abel,Gustav Fröhlich,Rudolf Klein-Rogge,Fritz Rasp,"In a futuristic city sharply divided between the working class and the city planners, the son of the city's mastermind falls in love with a working class prophet who predicts the coming of a savior to mediate their differences.",German,Germany,3 wins & 4 nominations.,98,8.3,91848,tt0017136,,,,,,,,,,,,,,
111,Unforgiven,R,07 Aug 1992,131 min,Western,,Clint Eastwood,Clint Eastwood,Gene Hackman,Morgan Freeman,Richard Harris,"Retired Old West gunslinger William Munny reluctantly takes on one last job, with the help of his old partner and a young man.",English,USA,Won 4 Oscars. Another 41 wins & 21 nominations.,82,8.3,232355,tt0105695,,,,,,,,,,,,,,
112,Scarface,R,09 Dec 1983,170 min,Crime,Drama,Brian De Palma,Al Pacino,Steven Bauer,Michelle Pfeiffer,Mary Elizabeth Mastrantonio,"In 1980 Miami, a determined Cuban immigrant takes over a drug cartel while succumbing to greed.",English,USA,Nominated for 3 Golden Globes. Another 3 nominations.,65,8.3,437208,tt0086250,Spanish,,,,,,,,,,,,,
113,Raging Bull,R,19 Dec 1980,129 min,Biography,Drama,Martin Scorsese,Robert De Niro,Cathy Moriarty,Joe Pesci,Frank Vincent,"An emotionally self-destructive boxer's journey through life, as the violence and temper that leads him to the top in the ring, destroys his life outside it.",English,USA,Won 2 Oscars. Another 27 wins & 19 nominations.,92,8.3,196429,tt0081398,,,,,Sport,,,,,,,,,
114,3 Idiots,PG-13,25 Dec 2009,170 min,Comedy,Drama,Rajkumar Hirani,Aamir Khan,Madhavan,Sharman Joshi,Kareena Kapoor,"Two friends are searching for their long lost companion. They revisit their college days and recall the memories of their friend who inspired them to think differently, even as the rest of the world called them ""idiots"".",Hindi,India,25 wins & 13 nominations.,67,8.5,144012,tt1187043,English,,,,,,,,,,,,,
115,Up,PG,29 May 2009,96 min,Animation,Adventure,Pete Docter,Edward Asner,Christopher Plummer,Jordan Nagai,Bob Peterson,"To avoid being taken away to a nursing home, an old widower tries to fly his home to Paradise Falls, South America, along with a boy scout who accidentally lifted off with him.",English,USA,Won 2 Oscars. Another 74 wins & 55 nominations.,88,8.3,506371,tt1049413,,,,,Drama,,,,Bob Peterson,,,,,
116,Chinatown,R,20 Jun 1974,130 min,Drama,Mystery,Roman Polanski,Jack Nicholson,Faye Dunaway,John Huston,Perry Lopez,"A private detective hired to expose an adulterer finds himself caught up in a web of deceit, corruption and murder.",English,USA,Won 1 Oscar. Another 21 wins & 22 nominations.,86,8.3,179736,tt0071315,Cantonese,Spanish,,,Thriller,,,,,,,,,
117,Downfall,R,16 Sep 2004,156 min,Biography,Drama,Oliver Hirschbiegel,Bruno Ganz,Alexandra Maria Lara,Corinna Harfouch,Ulrich Matthes,"Traudl Junge, the final secretary for Adolf Hitler, tells of the Nazi dictator's final days in his Berlin bunker at the end of WWII.",German,Germany,Nominated for 1 Oscar. Another 24 wins & 21 nominations.,82,8.3,208307,tt0363163,Russian,Hungarian,,,History,Austria,Italy,,,,,,,
118,The Great Escape,Unrated,04 Jul 1963,172 min,Adventure,Drama,John Sturges,Steve McQueen,James Garner,Richard Attenborough,James Donald,Allied P.O.W.s plan for several hundred of their number to escape from a German camp during World War II.,English,USA,Nominated for 1 Oscar. Another 4 wins & 4 nominations.,,8.3,137145,tt0057115,German,French,Russian,,History,,,,,,,,,
119,Die Hard,R,20 Jul 1988,131 min,Action,Thriller,John McTiernan,Bruce Willis,Bonnie Bedelia,Reginald VelJohnson,Paul Gleason,"John McClane, officer of the NYPD, tries to save wife Holly Gennaro and several others, taken hostage by German terrorist Hans Gruber during a Christmas party at the Nakatomi Plaza in Los Angeles.",English,USA,Nominated for 4 Oscars. Another 6 wins & 2 nominations.,70,8.3,491019,tt0095016,German,Italian,,,,,,,,,,,,
120,The Hunt,R,10 Jan 2013,115 min,Drama,,Thomas Vinterberg,Mads Mikkelsen,Thomas Bo Larsen,Annika Wedderkopp,Lasse Fogelstrøm,"A teacher lives a lonely life, all the while struggling over his son's custody. His life slowly gets better as he finds love and receives good news from his son, but his new luck is about to be brutally shattered by an innocent little lie.",Danish,Denmark,Nominated for 1 Oscar. Another 41 wins & 52 nominations.,76,8.3,122572,tt2106476,English,Polish,,,,Sweden,,,,,,,,
121,On the Waterfront,Not Rated,22 Jun 1954,108 min,Crime,Drama,Elia Kazan,Marlon Brando,Karl Malden,Lee J. Cobb,Rod Steiger,An ex-prize fighter turned longshoreman struggles to stand up to his corrupt union bosses.,English,USA,Won 8 Oscars. Another 22 wins & 7 nominations.,88,8.3,83287,tt0047296,,,,,,,,,,,,,,
122,Pan's Labyrinth,R,19 Jan 2007,118 min,Drama,Fantasy,Guillermo del Toro,Ivana Baquero,Sergi López,Maribel Verdú,Doug Jones,"In the falangist Spain of 1944, the bookish young stepdaughter of a sadistic army officer escapes into an eerie but captivating fantasy world.",Spanish,Spain,Won 3 Oscars. Another 91 wins & 69 nominations.,98,8.3,386135,tt0457430,,,,,War,Mexico,USA,,,,,,,
123,Heat,R,15 Dec 1995,170 min,Action,Crime,Michael Mann,Al Pacino,Robert De Niro,Val Kilmer,Jon Voight,A group of professional bank robbers start to feel the heat from police when they unknowingly leave a clue at their latest heist.,English,USA,8 nominations.,76,8.3,363180,tt0113277,Spanish,,,,Drama,,,,,,,,,
124,Mr. Smith Goes to Washington,Not Rated,19 Oct 1939,129 min,Drama,,Frank Capra,Jean Arthur,James Stewart,Claude Rains,Edward Arnold,"A naive man is appointed to fill a vacancy in the US Senate. His plans promptly collide with political corruption, but he doesn't back down.",English,USA,Won 1 Oscar. Another 5 wins & 10 nominations.,,8.3,65267,tt0031679,,,,,,,,,,,,,,
125,The Bridge on the River Kwai,PG,14 Dec 1957,161 min,Adventure,Drama,David Lean,William Holden,Alec Guinness,Jack Hawkins,Sessue Hayakawa,"After settling his differences with a Japanese PoW camp commander, a British colonel co-operates to oversee his men's construction of a railway bridge for their captors - while oblivious to a plan by the Allies to destroy it.",English,UK,Won 7 Oscars. Another 25 wins & 5 nominations.,,8.3,123740,tt0050212,Japanese,Thai,,,War,,,,,,,,,
126,Good Will Hunting,R,09 Jan 1998,126 min,Drama,,Gus Van Sant,Matt Damon,Robin Williams,Ben Affleck,Stellan Skarsgård,"Will Hunting, a janitor at M.I.T., has a gift for mathematics, but needs help from a psychologist to find direction in his life.",English,USA,Won 2 Oscars. Another 19 wins & 43 nominations.,70,8.3,488744,tt0119217,,,,,,,,,,,,,,
127,My Neighbor Totoro,G,16 Apr 1988,86 min,Animation,Family,Hayao Miyazaki,Toshiyuki Amagasa,Brianne Brozey,Paul Butcher,Pat Carroll,"When two girls move to the country to be near their ailing mother, they have adventures with the wonderous forest spirits who live nearby.",Japanese,Japan,5 wins & 1 nomination.,,8.3,126094,tt0096283,,,,,Fantasy,,,,,,,,,
128,The Seventh Seal,Not Rated,13 Oct 1958,96 min,Drama,Fantasy,Ingmar Bergman,Gunnar Björnstrand,Bengt Ekerot,Nils Poppe,Max von Sydow,"A man seeks answers about life, death, and the existence of God as he plays chess against the Grim Reaper during the Black Plague.",Swedish,Sweden,7 wins & 1 nomination.,,8.3,92076,tt0050976,Latin,,,,,,,,,,,,,
129,The Bandit,N/A,29 Nov 1996,128 min,Crime,Drama,Yavuz Turgul,Sener Sen,Ugur Yücel,Sermin Hürmeric,Yesim Salkim,"The epic adventures of the legendary Baran the Bandit following his release from prison. After serving 35 years, it is no surprise that the world has changed dramatically. Still, Baran ...",Turkish,Turkey,2 wins.,,8.7,27718,tt0116231,,,,,Thriller,,,,,,,,,
130,The Gold Rush,Not Rated,N/A,95 min,Adventure,Comedy,Charles Chaplin,Charles Chaplin,Mack Swain,Tom Murray,Henry Bergman,The Tramp goes to the Klondike in search of gold and finds it and more.,English,USA,Nominated for 2 Oscars. Another 3 wins & 1 nomination.,,8.3,53346,tt0015864,,,,,Drama,,,,,,,,,
131,Ikiru,Not Rated,25 Mar 1956,143 min,Drama,,Akira Kurosawa,Takashi Shimura,Shin'ichi Himori,Haruo Tanaka,Minoru Chiaki,A bureaucrat tries to find a meaning in his life after he discovers he has terminal cancer.,Japanese,Japan,Nominated for 1 BAFTA Film Award. Another 5 wins.,,8.3,34077,tt0044741,,,,,,,,,,,,,,
132,The Elephant Man,PG,10 Oct 1980,124 min,Biography,Drama,David Lynch,Anthony Hopkins,John Hurt,Anne Bancroft,John Gielgud,"A Victorian surgeon rescues a heavily disfigured man who is mistreated while scraping a living as a side-show freak. Behind his monstrous facade, there is revealed a person of intelligence and sensitivity.",English,USA,Nominated for 8 Oscars. Another 11 wins & 13 nominations.,,8.2,135704,tt0080678,,,,,,UK,,,,,,,,
133,Munna Bhai M.B.B.S.,Not Rated,19 Dec 2003,156 min,Comedy,Crime,Rajkumar Hirani,Sunil Dutt,Sanjay Dutt,Arshad Warsi,Gracy Singh,A gangster sets out to fulfill his father's dream of becoming a doctor.,Hindi,India,17 wins & 29 nominations.,,8.6,24677,tt0374887,,,,,,,,,,,,,,
134,Ran,R,01 Jun 1985,162 min,Action,Drama,Akira Kurosawa,Tatsuya Nakadai,Akira Terao,Jinpachi Nezu,Daisuke Ryû,"An elderly lord abdicates to his three sons, and the two corrupt ones turn against him.",Japanese,Japan,Won 1 Oscar. Another 29 wins & 18 nominations.,90,8.3,65244,tt0089881,,,,,War,France,,,,,,,,
135,Wild Strawberries,Unrated,22 Jun 1959,91 min,Drama,,Ingmar Bergman,Victor Sjöström,Bibi Andersson,Ingrid Thulin,Gunnar Björnstrand,"After living a life marked by coldness, an aging professor is forced to confront the emptiness of his existence.",Swedish,Sweden,Nominated for 1 Oscar. Another 12 wins & 2 nominations.,,8.3,51899,tt0050986,Latin,,,,,,,,,,,,,
136,Blade Runner,R,25 Jun 1982,117 min,Sci-Fi,Thriller,Ridley Scott,Harrison Ford,Rutger Hauer,Sean Young,Edward James Olmos,A blade runner must pursue and try to terminate four replicants who stole a ship in space and have returned to Earth to find their creator.,English,USA,Nominated for 2 Oscars. Another 10 wins & 15 nominations.,88,8.2,389700,tt0083658,German,Cantonese,Japanese,Hungarian,,Hong Kong,UK,,,,,,,
137,The General,Unrated,24 Feb 1927,107 min,Action,Adventure,Clyde Bruckman,Buster Keaton,Marion Mack,Glen Cavender,Jim Farley,"When Union spies steal an engineer's beloved locomotive, he pursues it single-handedly and straight through enemy lines.",English,USA,2 wins & 1 nomination.,,8.3,42768,tt0017925,,,,,Comedy,,,,Buster Keaton,,,,,
138,The Wolf of Wall Street,R,25 Dec 2013,180 min,Biography,Comedy,Martin Scorsese,Leonardo DiCaprio,Jonah Hill,Margot Robbie,Matthew McConaughey,"Based on the true story of Jordan Belfort, from his rise to a wealthy stock-broker living the high life to his fall involving crime, corruption and the federal government.",English,USA,Nominated for 5 Oscars. Another 33 wins & 97 nominations.,75,8.3,532255,tt0993846,French,,,,Crime,,,,,,,,,
139,Gone Girl,R,03 Oct 2014,149 min,Drama,Mystery,David Fincher,Ben Affleck,Rosamund Pike,Neil Patrick Harris,Tyler Perry,"With his wife's disappearance having become the focus of an intense media circus, a man sees the spotlight turned on him when it's suspected that he may not be innocent.",English,USA,Nominated for 1 Oscar. Another 38 wins & 84 nominations.,79,8.3,285482,tt2267998,,,,,Thriller,,,,,,,,,
140,"Lock, Stock and Two Smoking Barrels",R,28 Aug 1998,107 min,Comedy,Crime,Guy Ritchie,Jason Flemyng,Dexter Fletcher,Nick Moran,Jason Statham,"A botched card game in London triggers four friends, thugs, weed-growers, hard gangsters, loan sharks and debt collectors to collide with each other in a series of unexpected events, all for the sake of weed, cash and two antique shotguns.",English,UK,Nominated for 1 BAFTA Film Award. Another 13 wins & 7 nominations.,66,8.2,346390,tt0120735,,,,,,,,,,,,,,
141,The Secret in Their Eyes,R,13 Aug 2009,129 min,Drama,Mystery,Juan José Campanella,Soledad Villamil,Ricardo Darín,Carla Quevedo,Pablo Rago,A retired legal counselor writes a novel hoping to find closure for one of his past unresolved homicide cases and for his unreciprocated love with his superior - both of which still haunt him decades later.,Spanish,Argentina,Won 1 Oscar. Another 51 wins & 38 nominations.,81,8.3,98498,tt1305806,,,,,Thriller,Spain,,,,,,,,
142,Casino,R,22 Nov 1995,178 min,Biography,Crime,Martin Scorsese,Robert De Niro,Sharon Stone,Joe Pesci,James Woods,"Greed, deception, money, power, and murder occur between two mobster best friends and a trophy wife over a gambling empire.",English,USA,Nominated for 1 Oscar. Another 4 wins & 7 nominations.,73,8.2,270851,tt0112641,,,,,Drama,France,,,,,,,,
143,A Wednesday,N/A,05 Sep 2008,104 min,Crime,Drama,Neeraj Pandey,Anupam Kher,Naseeruddin Shah,Jimmy Shergill,Deepal Shaw,"A retiring police officer reminiscences about the most astounding day of his career, a case that was never filed but continues to haunt him in his memories - the case of a man and a Wednesday.",Hindi,India,7 wins & 20 nominations.,,8.6,24800,tt1280558,English,,,,Mystery,,,,,,,,,
144,Gran Torino,R,09 Jan 2009,116 min,Drama,,Clint Eastwood,Clint Eastwood,Christopher Carley,Bee Vang,Ahney Her,"Disgruntled Korean War veteran Walt Kowalski sets out to reform his neighbor, a Hmong teenager who tried to steal Kowalski's prized possession: a 1972 Gran Torino.",English,USA,Nominated for 1 Golden Globe. Another 22 wins & 10 nominations.,72,8.2,470006,tt1205489,Hmong,,,,,Germany,,,,,,,,
145,The Big Lebowski,R,06 Mar 1998,117 min,Comedy,Crime,Joel Coen,Jeff Bridges,John Goodman,Julianne Moore,Steve Buscemi,"""The Dude"" Lebowski, mistaken for a millionaire Lebowski, seeks restitution for his ruined rug and enlists his bowling buddies to help get it.",English,USA,1 win & 10 nominations.,69,8.2,438443,tt0118715,German,Hebrew,Spanish,,,UK,,,Ethan Coen,,,,,
146,Warrior,PG-13,09 Sep 2011,140 min,Drama,Sport,Gavin O'Connor,Joel Edgerton,Tom Hardy,Nick Nolte,Jennifer Morrison,"The youngest son of an alcoholic former boxer returns home, where he's trained by his father for competition in a mixed martial arts tournament - a path that puts the fighter on a collision corner with his older brother.",English,USA,Nominated for 1 Oscar. Another 3 wins & 14 nominations.,71,8.2,260975,tt1291584,Spanish,,,,,,,,,,,,,
147,Howl's Moving Castle,PG,20 Nov 2004,119 min,Animation,Adventure,Hayao Miyazaki,Chieko Baishô,Takuya Kimura,Akihiro Miwa,Tatsuya Gashûin,"When an unconfident young woman is cursed with an old body by a spiteful witch, her only chance of breaking the spell lies with a self-indulgent yet insecure young wizard and his companions in his legged, walking home.",Japanese,Japan,Nominated for 1 Oscar. Another 16 wins & 15 nominations.,80,8.2,164028,tt0347149,,,,,Family,,,,,,,,,
148,V for Vendetta,R,17 Mar 2006,132 min,Action,Drama,James McTeigue,Natalie Portman,Hugo Weaving,Stephen Rea,Stephen Fry,"In a future British tyranny, a shadowy freedom fighter, known only by the alias of ""V"", plots to overthrow it with the help of a young woman.",English,USA,5 wins & 19 nominations.,62,8.2,646840,tt0434409,,,,,Thriller,UK,Germany,,,,,,,
149,Rebecca,Not Rated,12 Apr 1940,130 min,Mystery,Thriller,Alfred Hitchcock,Laurence Olivier,Joan Fontaine,George Sanders,Judith Anderson,A self-conscious bride is tormented by the memory of her husband's dead first wife.,English,USA,Won 2 Oscars. Another 3 wins & 9 nominations.,,8.2,73551,tt0032976,French,,,,,,,,,,,,,
150,Rang De Basanti,Not Rated,26 Jan 2006,157 min,Drama,,Rakeysh Omprakash Mehra,Aamir Khan,Siddharth,Sharman Joshi,Kunal Kapoor,A young woman from England comes to India to make a documentary about her grandfather's diary which was written in the 1920s about the Indian Independence with five young men.,Hindi,India,Nominated for 1 BAFTA Film Award. Another 17 wins & 18 nominations.,,8.5,51392,tt0405508,Urdu,English,Panjabi,,,,,,,,,,,
151,The Deer Hunter,R,23 Feb 1979,182 min,Drama,War,Michael Cimino,Robert De Niro,John Cazale,John Savage,Christopher Walken,An in-depth examination of the ways in which the U.S. Vietnam war impacts and disrupts the lives of people in a small industrial town in Pennsylvania.,English,UK,Won 5 Oscars. Another 24 wins & 18 nominations.,73,8.2,195887,tt0077416,Russian,Vietnamese,French,,,USA,,,,,,,,
152,How to Train Your Dragon,PG,26 Mar 2010,98 min,Animation,Adventure,Dean DeBlois,Jay Baruchel,Gerard Butler,Craig Ferguson,America Ferrera,"A hapless young Viking who aspires to hunt dragons becomes the unlikely friend of a young dragon himself, and learns there may be more to the creatures than he assumed.",English,USA,Nominated for 2 Oscars. Another 29 wins & 45 nominations.,74,8.2,366760,tt0892769,,,,,Family,,,,Chris Sanders,,,,,
153,Cool Hand Luke,PG,01 Nov 1967,126 min,Crime,Drama,Stuart Rosenberg,Paul Newman,George Kennedy,J.D. Cannon,Lou Antonio,A man refuses to conform to life in a rural prison.,English,USA,Won 1 Oscar. Another 5 wins & 6 nominations.,,8.2,101282,tt0061512,,,,,,,,,,,,,,
154,It Happened One Night,Unrated,23 Feb 1934,105 min,Comedy,Romance,Frank Capra,Clark Gable,Claudette Colbert,Walter Connolly,Roscoe Karns,"A spoiled heiress, running away from her family, is helped by a man who's actually a reporter looking for a story.",English,USA,Won 5 Oscars. Another 5 wins & 1 nomination.,,8.2,52847,tt0025316,,,,,,,,,,,,,,
155,Judgment at Nuremberg,Not Rated,18 Dec 1961,186 min,Drama,History,Stanley Kramer,Spencer Tracy,Burt Lancaster,Richard Widmark,Marlene Dietrich,"In 1948, an American court in occupied Germany tries four Nazi judges for war crimes.",English,USA,Won 2 Oscars. Another 17 wins & 21 nominations.,,8.3,34316,tt0055031,German,,,,War,,,,,,,,,
156,Fargo,R,05 Apr 1996,98 min,Crime,Drama,Joel Coen,William H. Macy,Steve Buscemi,Peter Stormare,Kristin Rudrüd,Jerry Lundegaard's inept crime falls apart due to his and his henchmen's bungling and the persistent police work of the quite pregnant Marge Gunderson.,English,USA,Won 2 Oscars. Another 68 wins & 40 nominations.,85,8.2,363010,tt0116282,,,,,Thriller,UK,,,Ethan Coen,,,,,
157,Trainspotting,R,19 Jul 1996,94 min,Drama,,Danny Boyle,Ewan McGregor,Ewen Bremner,Jonny Lee Miller,Kevin McKidd,"Renton, deeply immersed in the Edinburgh drug scene, tries to clean up and get out, despite the allure of the drugs and influence of friends.",English,UK,Nominated for 1 Oscar. Another 20 wins & 18 nominations.,83,8.2,391010,tt0117951,,,,,,,,,,,,,,
158,Gone with the Wind,G,17 Jan 1940,238 min,Drama,Romance,Victor Fleming,Thomas Mitchell,Barbara O'Neil,Vivien Leigh,Evelyn Keyes,A manipulative Southern belle carries on a turbulent affair with a blockade runner during the American Civil War.,English,USA,Won 8 Oscars. Another 11 wins & 6 nominations.,,8.2,179998,tt0031381,,,,,War,,,,George Cukor,,Sam Wood,,,
159,A Beautiful Mind,PG-13,04 Jan 2002,135 min,Biography,Drama,Ron Howard,Russell Crowe,Ed Harris,Jennifer Connelly,Christopher Plummer,"After a brilliant but asocial mathematician accepts secret work in cryptography, his life takes a turn for the nightmarish.",English,USA,Won 4 Oscars. Another 30 wins & 54 nominations.,72,8.2,470880,tt0268978,,,,,,,,,,,,,,
160,Into the Wild,R,19 Oct 2007,148 min,Adventure,Biography,Sean Penn,Emile Hirsch,Marcia Gay Harden,William Hurt,Jena Malone,"After graduating from Emory University, top student and athlete Christopher McCandless abandons his possessions, gives his entire $24,000 savings account to charity and hitchhikes to Alaska to live in the wilderness. Along the way, Christopher encounters a series of characters that shape his life.",English,USA,Nominated for 2 Oscars. Another 26 wins & 84 nominations.,73,8.2,346733,tt0758758,Danish,,,,Drama,,,,,,,,,
161,Rush,R,27 Sep 2013,123 min,Action,Biography,Ron Howard,Chris Hemsworth,Daniel Brühl,Olivia Wilde,Alexandra Maria Lara,The merciless 1970s rivalry between Formula One rivals James Hunt and Niki Lauda.,English,UK,Nominated for 2 Golden Globes. Another 8 wins & 47 nominations.,75,8.2,221434,tt1979320,German,Italian,French,Spanish,Drama,Germany,,,,,,,,
162,Boyhood,R,15 Aug 2014,165 min,Drama,,Richard Linklater,Ellar Coltrane,Patricia Arquette,Elijah Smith,Lorelei Linklater,"The life of a young man, Mason, from age 5 to age 18.",English,USA,Nominated for 6 Oscars. Another 139 wins & 116 nominations.,100,8.2,143253,tt1065073,Spanish,,,,,,,,,,,,,
163,The Maltese Falcon,Not Rated,18 Oct 1941,100 min,Crime,Drama,John Huston,Humphrey Bogart,Mary Astor,Gladys George,Peter Lorre,"A private detective takes on a case that involves him with three eccentric criminals, a gorgeous liar, and their quest for a priceless statuette.",English,USA,Nominated for 3 Oscars. Another 2 wins.,,8.2,95771,tt0033870,,,,,Film-Noir,,,,,,,,,
164,Dial M for Murder,PG,29 May 1954,105 min,Crime,Thriller,Alfred Hitchcock,Ray Milland,Grace Kelly,Robert Cummings,John Williams,"An ex-tennis pro carries out a plot to murder his wife. When things go wrong, he improvises a brilliant plan B.",English,USA,Nominated for 1 BAFTA Film Award. Another 3 wins & 2 nominations.,,8.2,84488,tt0046912,,,,,,,,,,,,,,
165,The Sixth Sense,PG-13,06 Aug 1999,107 min,Drama,Mystery,M. Night Shyamalan,Bruce Willis,Haley Joel Osment,Toni Collette,Olivia Williams,A boy who communicates with spirits that don't know they're dead seeks the help of a disheartened child psychologist.,English,USA,Nominated for 6 Oscars. Another 34 wins & 39 nominations.,64,8.2,586900,tt0167404,Latin,Spanish,,,Thriller,,,,,,,,,
166,The Wages of Fear,Not Rated,16 Feb 1955,131 min,Adventure,Drama,Henri-Georges Clouzot,Yves Montand,Charles Vanel,Folco Lulli,Peter van Eyck,"In a decrepit South American village, men are hired to transport an urgent nitroglycerine shipment without the equipment that would make it safe.",French,France,Won 1 BAFTA Film Award. Another 5 wins.,,8.3,28474,tt0046268,English,Spanish,German,Italian,Thriller,Italy,,,,Russian,,,,
167,Hotel Rwanda,PG-13,04 Feb 2005,121 min,Drama,History,Terry George,Xolani Mali,Don Cheadle,Desmond Dube,Hakeem Kae-Kazim,"The true story of Paul Rusesabagina, a hotel manager who housed over a thousand Tutsi refugees during their struggle against the Hutu militia in Rwanda.",English,UK,Nominated for 3 Oscars. Another 17 wins & 38 nominations.,79,8.2,221211,tt0395169,French,,,,War,USA,Italy,South Africa,,,,Canada,,
168,The Thing,R,25 Jun 1982,109 min,Horror,Mystery,John Carpenter,Kurt Russell,Wilford Brimley,T.K. Carter,David Clennon,Scientists in the Antarctic are confronted by a shape-shifting alien that assumes the appearance of the people that it kills.,English,USA,3 nominations.,,8.2,212849,tt0084787,Norwegian,,,,Sci-Fi,,,,,,,,,
169,Finding Nemo,G,30 May 2003,100 min,Animation,Adventure,Andrew Stanton,Albert Brooks,Ellen DeGeneres,Alexander Gould,Willem Dafoe,"After his son is captured in the Great Barrier Reef and taken to Sydney, a timid clownfish sets out on a journey to bring him home.",English,USA,Won 1 Oscar. Another 44 wins & 49 nominations.,90,8.2,530572,tt0266543,,,,,Comedy,,,,Lee Unkrich,,,,,
170,No Country for Old Men,R,21 Nov 2007,122 min,Crime,Drama,Ethan Coen,Tommy Lee Jones,Javier Bardem,Josh Brolin,Woody Harrelson,Violence and mayhem ensue after a hunter stumbles upon a drug deal gone wrong and more than two million dollars in cash near the Rio Grande.,English,USA,Won 4 Oscars. Another 159 wins & 88 nominations.,91,8.1,498932,tt0477348,Spanish,,,,Thriller,,,,Joel Coen,,,,,
171,Mary and Max,Not Rated,09 Apr 2009,92 min,Animation,Comedy,Adam Elliot,Toni Collette,Philip Seymour Hoffman,Barry Humphries,Eric Bana,"A tale of friendship between two unlikely pen pals: Mary, a lonely, eight-year-old girl living in the suburbs of Melbourne, and Max, a forty-four-year old, severely obese man living in New York.",English,Australia,4 wins & 7 nominations.,,8.2,92986,tt0978762,Yiddish,,,,Drama,,,,,,,,,
172,Incendies,R,12 Jan 2011,139 min,Drama,Mystery,Denis Villeneuve,Mustafa Kamel,Hussein Sami,Rémy Girard,Mélissa Désormeaux-Poulin,"Twins journey to the Middle East to discover their family history, and fulfill their mother's last wishes.",French,Canada,Nominated for 1 Oscar. Another 40 wins & 12 nominations.,82,8.2,58533,tt1255953,Arabic,English,,,War,France,,,,,,,,
173,Butch Cassidy and the Sundance Kid,N/A,24 Oct 1969,110 min,Biography,Crime,George Roy Hill,Paul Newman,Robert Redford,Katharine Ross,Strother Martin,Two Western bank/train robbers flee to Bolivia when the law gets too close.,English,USA,Won 4 Oscars. Another 18 wins & 12 nominations.,58,8.2,125298,tt0064115,Spanish,,,,Western,,,,,,,,,
174,Kill Bill: Vol. 1,R,10 Oct 2003,111 min,Action,Crime,Quentin Tarantino,Uma Thurman,Lucy Liu,Vivica A. Fox,Daryl Hannah,The Bride wakens from a four-year coma. The child she carried in her womb is gone. Now she must wreak vengeance on the team of assassins who betrayed her - a team she was once part of.,English,USA,Nominated for 1 Golden Globe. Another 21 wins & 59 nominations.,69,8.1,597047,tt0266697,Japanese,French,,,,,,,,,,,,
175,Platoon,R,06 Feb 1987,120 min,Drama,War,Oliver Stone,Tom Berenger,Keith David,Willem Dafoe,Forest Whitaker,A young recruit in Vietnam faces a moral crisis when confronted with the horrors of war and the duality of man.,English,UK,Won 4 Oscars. Another 22 wins & 10 nominations.,,8.1,244476,tt0091763,Vietnamese,,,,,USA,,,,,,,,
176,Life of Brian,R,17 Aug 1979,94 min,Comedy,,Terry Jones,Graham Chapman,John Cleese,Terry Gilliam,Eric Idle,"Brian is born on the original Christmas, in the stable next door. He spends his life being mistaken for a messiah.",English,UK,N/A,75,8.2,225218,tt0079470,Latin,,,,,,,,,,,,,
177,Network,R,27 Nov 1976,121 min,Drama,,Sidney Lumet,Faye Dunaway,William Holden,Peter Finch,Robert Duvall,A television network cynically exploits a deranged former anchor's ravings and revelations about the news media for its own profit.,English,USA,Won 4 Oscars. Another 21 wins & 19 nominations.,,8.2,85343,tt0074958,,,,,,,,,,,,,,
178,12 Years a Slave,R,08 Nov 2013,134 min,Biography,Drama,Steve McQueen,Chiwetel Ejiofor,Dwight Henry,Dickie Gravois,Bryan Batt,"In the antebellum United States, Solomon Northup, a free black man from upstate New York, is abducted and sold into slavery.",English,USA,Won 3 Oscars. Another 233 wins & 217 nominations.,97,8.2,310977,tt2024544,,,,,History,UK,,,,,,,,
179,Touch of Evil,PG-13,01 May 1958,95 min,Crime,Film-Noir,Orson Welles,Charlton Heston,Janet Leigh,Orson Welles,Joseph Calleia,"A stark, perverse story of murder, kidnapping, and police corruption in a Mexican border town.",English,USA,6 wins & 1 nomination.,,8.2,61408,tt0052311,Spanish,,,,Thriller,,,,,,,,,
180,Diabolique,Unrated,21 Nov 1955,116 min,Horror,Mystery,Henri-Georges Clouzot,Simone Signoret,Véra Clouzot,Paul Meurisse,Charles Vanel,"The wife of a cruel headmaster and his mistress conspire to kill him, but after the murder is committed, his body disappears, and strange events begin to plague the two women.",French,France,4 wins.,,8.2,34072,tt0046911,English,,,,Thriller,,,,,,,,,
181,There Will Be Blood,R,25 Jan 2008,158 min,Drama,,Paul Thomas Anderson,Daniel Day-Lewis,Martin Stringer,Matthew Braden Stringer,Jacob Stringer,"A story of family, religion, hatred, oil and madness, focusing on a turn-of-the-century prospector in the early days of the business.",English,USA,Won 2 Oscars. Another 110 wins & 93 nominations.,92,8.1,307501,tt0469494,American Sign Language,,,,,,,,,,,,,
182,Annie Hall,PG,20 Apr 1977,93 min,Comedy,Drama,Woody Allen,Woody Allen,Diane Keaton,Tony Roberts,Carol Kane,Neurotic New York comedian Alvy Singer falls in love with the ditsy Annie Hall.,English,USA,Won 4 Oscars. Another 27 wins & 7 nominations.,,8.1,158188,tt0075686,German,,,,Romance,,,,,,,,,
183,The Princess Bride,PG,09 Oct 1987,98 min,Adventure,Comedy,Rob Reiner,Cary Elwes,Mandy Patinkin,Chris Sarandon,Christopher Guest,"A classic fairy tale, with swordplay, giants, an evil prince, a beautiful princess, and yes, some kissing (as read by a kindly grandfather).",English,USA,Nominated for 1 Oscar. Another 6 wins & 8 nominations.,77,8.2,248485,tt0093779,,,,,Family,,,,,,,,,
184,Stand by Me,R,22 Aug 1986,89 min,Adventure,Drama,Rob Reiner,Wil Wheaton,River Phoenix,Corey Feldman,Jerry O'Connell,"After the death of a friend, a writer recounts a boyhood journey to find the body of a missing boy.",English,USA,Nominated for 1 Oscar. Another 4 wins & 10 nominations.,,8.1,225885,tt0092005,,,,,,,,,,,,,,
185,Ben-Hur,G,29 Jan 1960,212 min,Adventure,Drama,William Wyler,Charlton Heston,Jack Hawkins,Haya Harareet,Stephen Boyd,"When a Jewish prince is betrayed and sent into slavery by a Roman friend, he regains his freedom and comes back for revenge.",English,USA,Won 11 Oscars. Another 22 wins & 7 nominations.,,8.1,131153,tt0052618,,,,,,,,,,,,,,
186,The Grand Budapest Hotel,R,28 Mar 2014,100 min,Adventure,Comedy,Wes Anderson,Ralph Fiennes,F. Murray Abraham,Mathieu Amalric,Adrien Brody,"The adventures of Gustave H, a legendary concierge at a famous hotel from the fictional Republic of Zubrowka between the first and second World Wars, and Zero Moustafa, the lobby boy who becomes his most trusted friend.",English,UK,Nominated for 9 Oscars. Another 75 wins & 121 nominations.,88,8.1,270564,tt2278388,French,,,,Drama,Germany,USA,,,,,,,
187,Dil Chahta Hai,Not Rated,24 Jul 2001,183 min,Comedy,Drama,Farhan Akhtar,Aamir Khan,Saif Ali Khan,Akshaye Khanna,Preity Zinta,"Three inseparable childhood friends are just out of college. Nothing comes between them - until they each fall in love, and their wildly different approaches to relationships creates tension.",Hindi,India,21 wins & 36 nominations.,,8.4,34982,tt0292490,English,Urdu,,,,,,,,,,,,
188,Sin City,R,01 Apr 2005,124 min,Crime,Thriller,Frank Miller,Jessica Alba,Devon Aoki,Alexis Bledel,Powers Boothe,"A film that explores the dark and miserable town, Basin City, and tells the story of three different people, all caught up in violent corruption.",English,USA,24 wins & 34 nominations.,74,8.1,563452,tt0401792,,,,,,,,,Robert Rodriguez,,Quentin Tarantino,,,
189,Guardians of the Galaxy,PG-13,01 Aug 2014,121 min,Action,Adventure,James Gunn,Chris Pratt,Zoe Saldana,Dave Bautista,Vin Diesel,A group of intergalactic criminals are forced to work together to stop a fanatical warrior from taking control of the universe.,English,USA,Nominated for 2 Oscars. Another 16 wins & 52 nominations.,76,8.2,423168,tt2015381,,,,,Sci-Fi,UK,,,,,,,,
190,In the Name of the Father,R,25 Feb 1994,133 min,Biography,Drama,Jim Sheridan,Alison Crosbie,Daniel Day-Lewis,Philip King,Emma Thompson,A man's coerced confession to an IRA bombing he did not commit results in the imprisonment of his father as well. An English lawyer fights to free them.,English,Ireland,Nominated for 7 Oscars. Another 10 wins & 15 nominations.,84,8.1,87386,tt0107207,,,,,History,UK,USA,,,,,,,
191,Amores Perros,R,16 Jun 2000,154 min,Drama,Thriller,Alejandro González Iñárritu,Emilio Echevarría,Gael García Bernal,Goya Toledo,Álvaro Guerrero,"A horrific car accident connects three stories, each involving characters dealing with loss, regret, and life's harsh realities, all in the name of love.",Spanish,Mexico,Nominated for 1 Oscar. Another 57 wins & 17 nominations.,83,8.1,146378,tt0245712,,,,,,,,,,,,,,
192,The 400 Blows,Not Rated,16 Nov 1959,99 min,Crime,Drama,François Truffaut,Jean-Pierre Léaud,Claire Maurier,Albert Rémy,Guy Decomble,"Intensely touching story of a misunderstood young adolescent who, left without attention, delves into a life of petty crime.",French,France,Nominated for 1 Oscar. Another 7 wins & 3 nominations.,,8.2,57357,tt0053198,English,,,,,,,,,,,,,
193,Million Dollar Baby,PG-13,28 Jan 2005,132 min,Drama,Sport,Clint Eastwood,Clint Eastwood,Hilary Swank,Morgan Freeman,Jay Baruchel,A determined woman works with a hardened boxing trainer to become a professional.,English,USA,Won 4 Oscars. Another 75 wins & 41 nominations.,86,8.1,388577,tt0405159,Irish,,,,,,,,,,,,,
194,Hachi: A Dog's Tale,G,12 Mar 2010,93 min,Drama,Family,Lasse Hallström,Richard Gere,Joan Allen,Cary-Hiroyuki Tagawa,Sarah Roemer,A drama based on the true story of a college professor's bond with the abandoned dog he takes into his home.,English,USA,N/A,,8.2,105316,tt1028532,Japanese,,,,,UK,,,,,,,,
195,The Grapes of Wrath,Not Rated,15 Mar 1940,129 min,Drama,,John Ford,Henry Fonda,Jane Darwell,John Carradine,Charley Grapewin,"A poor Midwest family is forced off of their land. They travel to California, suffering the misfortunes of the homeless in the Great Depression.",English,USA,Won 2 Oscars. Another 7 wins & 5 nominations.,,8.2,51981,tt0032551,,,,,,,,,,,,,,
196,Persona,Not Rated,16 Mar 1967,83 min,Drama,,Ingmar Bergman,Bibi Andersson,Liv Ullmann,Margaretha Krook,Gunnar Björnstrand,A nurse is put in charge of an actress who can't talk and finds that the actress's persona is melding with hers.,Swedish,Sweden,Nominated for 1 BAFTA Film Award. Another 8 wins & 1 nomination.,,8.2,48016,tt0060827,English,,,,,,,,,,,,,
197,The Wizard of Oz,N/A,25 Aug 1939,102 min,Adventure,Family,Victor Fleming,Judy Garland,Frank Morgan,Ray Bolger,Bert Lahr,Dorothy Gale is swept away to a magical land in a tornado and embarks on a quest to see the Wizard who can help her return home.,English,USA,Won 2 Oscars. Another 7 wins & 13 nominations.,100,8.1,238663,tt0032138,,,,,Fantasy,,,,George Cukor,,Mervyn LeRoy,,Norman Taurog,King Vidor
198,The Best Years of Our Lives,N/A,17 Jun 1947,172 min,Drama,Romance,William Wyler,Myrna Loy,Fredric March,Dana Andrews,Teresa Wright,Three WWII veterans return home to small-town America to discover that they and their families have been irreparably changed.,English,USA,Won 7 Oscars. Another 14 wins & 1 nomination.,,8.2,33675,tt0036868,,,,,War,,,,,,,,,
199,The Imitation Game,PG-13,25 Dec 2014,114 min,Biography,Drama,Morten Tyldum,Benedict Cumberbatch,Keira Knightley,Matthew Goode,Rory Kinnear,"During World War II, mathematician Alan Turing tries to crack the enigma code with help from fellow mathematicians.",English,UK,Nominated for 8 Oscars. Another 39 wins & 96 nominations.,72,8.2,91852,tt2084970,,,,,Thriller,USA,,,,,,,,
200,Nausicaä of the Valley of the Wind,PG,11 Mar 1984,117 min,Animation,Adventure,Hayao Miyazaki,Sumi Shimamoto,Mahito Tsujimura,Hisako Kyôda,Gorô Naya,Warrior/pacifist Princess Nausicaä desperately struggles to prevent two warring nations from destroying themselves and their dying planet.,Japanese,Japan,3 wins.,,8.2,73727,tt0087544,,,,,Fantasy,,,,,,,,,
201,The Avengers,PG-13,04 May 2012,143 min,Action,Adventure,Joss Whedon,Robert Downey Jr.,Chris Evans,Mark Ruffalo,Chris Hemsworth,Earth's mightiest heroes must come together and learn to fight as a team if they are to stop the mischievous Loki and his alien army from enslaving humanity.,English,USA,Nominated for 1 Oscar. Another 31 wins & 65 nominations.,69,8.2,773590,tt0848228,Russian,,,,Sci-Fi,,,,,,,,,
202,Gandhi,PG,25 Feb 1983,191 min,Biography,Drama,Richard Attenborough,Ben Kingsley,Candice Bergen,Edward Fox,John Gielgud,"Biography of Mohandas K. Gandhi, the lawyer who became the famed leader of the Indian revolts against the British rule through his philosophy of nonviolent protest.",English,UK,Won 8 Oscars. Another 31 wins & 16 nominations.,,8.1,139866,tt0083987,,,,,History,India,,,,,,,,
203,The Bourne Ultimatum,PG-13,03 Aug 2007,115 min,Action,Thriller,Paul Greengrass,Matt Damon,Julia Stiles,David Strathairn,Scott Glenn,Jason Bourne dodges a ruthless CIA official and his agents from a new assassination program while searching for the origins of his life as a trained killer.,English,USA,Won 3 Oscars. Another 24 wins & 34 nominations.,85,8.1,405234,tt0440963,French,Arabic,Russian,Spanish,,Germany,,,,,,,,
204,Donnie Darko,R,30 Jan 2002,113 min,Drama,Mystery,Richard Kelly,Jake Gyllenhaal,Holmes Osborne,Maggie Gyllenhaal,Daveigh Chase,"A troubled teenager is plagued by visions of a large bunny rabbit that manipulates him to commit a series of crimes, after narrowly escaping a bizarre accident.",English,USA,11 wins & 12 nominations.,71,8.1,485945,tt0246578,,,,,Sci-Fi,,,,,,,,,
205,Strangers on a Train,Approved,30 Jun 1951,101 min,Crime,Film-Noir,Alfred Hitchcock,Farley Granger,Ruth Roman,Robert Walker,Leo G. Carroll,A psychotic socialite confronts a pro tennis star with a theory on how two complete strangers can get away with murder...a theory that he plans to implement.,English,USA,Nominated for 1 Oscar. Another 1 win & 1 nomination.,,8.1,78770,tt0044079,French,,,,Thriller,,,,,,,,,
206,8½,Not Rated,25 Jun 1963,138 min,Drama,Fantasy,Federico Fellini,Marcello Mastroianni,Claudia Cardinale,Anouk Aimée,Sandra Milo,A harried movie director retreats into his memories and fantasies.,Italian,Italy,Won 2 Oscars. Another 16 wins & 8 nominations.,,8.1,65587,tt0056801,English,French,German,,,France,,,,,,,,
207,Shutter Island,R,19 Feb 2010,138 min,Mystery,Thriller,Martin Scorsese,Leonardo DiCaprio,Mark Ruffalo,Ben Kingsley,Max von Sydow,"In 1954, U.S. Marshal Teddy Daniels is investigating the disappearance of a murderess who escaped from a hospital for the criminally insane and is presumed to be hiding near-by.",English,USA,6 wins & 44 nominations.,63,8.1,599543,tt1130884,German,,,,,,,,,,,,,
208,Birdman,R,14 Nov 2014,119 min,Comedy,Drama,Alejandro González Iñárritu,Michael Keaton,Emma Stone,Kenny Chin,Jamahl Garrison-Lowe,"A washed up actor, who once played an iconic superhero, battles his ego and attempts to recover his family, his career and himself in the days leading up to the opening of a Broadway play.",English,USA,Nominated for 9 Oscars. Another 123 wins & 151 nominations.,88,8.3,65738,tt2562232,,,,,,Canada,,,,,,,,
209,Infernal Affairs,R,12 Dec 2002,101 min,Crime,Mystery,Wai-Keung Lau,Andy Lau,Tony Chiu Wai Leung,Anthony Chau-Sang Wong,Eric Tsang,"A story between a mole in the police department and an undercover cop. Their objectives are the same: to find out who is the mole, and who is the cop.",Cantonese,Hong Kong,23 wins & 21 nominations.,75,8.1,77299,tt0338564,English,Thai,,,Thriller,,,,Alan Mak,,,,,
210,Twelve Monkeys,R,05 Jan 1996,129 min,Mystery,Sci-Fi,Terry Gilliam,Joseph Melito,Bruce Willis,Jon Seda,Michael Chance,"In a future world devastated by disease, a convict is sent back in time to gather information about the man-made virus that wiped out most of the human population on the planet.",English,USA,Nominated for 2 Oscars. Another 10 wins & 8 nominations.,74,8.1,387254,tt0114746,French,,,,Thriller,,,,,,,,,
211,Stalker,Not Rated,17 Apr 1980,163 min,Drama,Sci-Fi,Andrei Tarkovsky,Alisa Freyndlikh,Aleksandr Kaydanovskiy,Anatoliy Solonitsyn,Nikolay Grinko,A guide leads two men through an area known as the Zone to find a room that grants wishes.,Russian,Soviet Union,2 wins & 1 nomination.,,8.2,54735,tt0079944,,,,,,,,,,,,,,
212,Lagaan: Once Upon a Time in India,PG,08 May 2002,224 min,Adventure,Drama,Ashutosh Gowariker,Aamir Khan,Gracy Singh,Rachel Shelley,Paul Blackthorne,The people of a small village in Victorian India stake their future on a game of cricket against their ruthless British rulers...,Hindi,India,Nominated for 1 Oscar. Another 44 wins & 19 nominations.,84,8.3,50967,tt0169102,English,Awadhi,Urdu,,Musical,,,,,,,,,
213,Jaws,PG,20 Jun 1975,124 min,Drama,Thriller,Steven Spielberg,Roy Scheider,Robert Shaw,Richard Dreyfuss,Lorraine Gary,"When a gigantic great white shark begins to menace the small island community of Amity, a police chief, a marine scientist and grizzled fisherman set out to stop it.",English,USA,Won 3 Oscars. Another 10 wins & 14 nominations.,79,8.1,332608,tt0073195,,,,,,,,,,,,,,
214,Kingsman: The Secret Service,R,13 Feb 2015,129 min,Action,Adventure,Matthew Vaughn,Adrian Quinton,Colin Firth,Mark Strong,Jonno Davies,"A spy organization recruits an unrefined, but promising street kid into the agency's ultra-competitive training program just as a global threat emerges from a twisted tech genius.",English,UK,N/A,59,8.3,35843,tt2802144,Arabic,Swedish,,,Comedy,,,,,,,,,
215,High Noon,PG,30 Jul 1952,85 min,Western,,Fred Zinnemann,Gary Cooper,Thomas Mitchell,Lloyd Bridges,Katy Jurado,"A marshall, personally compelled to face a returning deadly enemy, finds that his own town refuses to help him.",English,USA,Won 4 Oscars. Another 13 wins & 10 nominations.,89,8.1,67636,tt0044706,Spanish,,,,,,,,,,,,,
216,Before Sunrise,R,27 Jan 1995,105 min,Drama,Romance,Richard Linklater,Ethan Hawke,Julie Delpy,Andrea Eckert,Hanno Pöschl,"A young man and woman meet on a train in Europe, and wind up spending one evening together in Vienna. Unfortunately, both know that this will probably be their only night together.",English,USA,1 win & 3 nominations.,77,8.1,146014,tt0112471,German,French,,,,Austria,Switzerland,,,,,,,
217,Gangs of Wasseypur,N/A,02 Aug 2012,320 min,Action,Crime,Anurag Kashyap,Manoj Bajpayee,Richa Chadda,Nawazuddin Siddiqui,Tigmanshu Dhulia,"A clash between Sultan (a Qureishi dacoit chief) and Shahid Khan (a Pathan who impersonates him) leads to the expulsion of Khan from Wasseypur, and ignites a deadly blood feud spanning three generations.",Hindi,India,10 wins & 32 nominations.,89,8.5,29674,tt1954470,,,,,Drama,,,,,,,,,
218,The Terminator,R,26 Oct 1984,107 min,Action,Sci-Fi,James Cameron,Arnold Schwarzenegger,Michael Biehn,Linda Hamilton,Paul Winfield,"A human-looking indestructible cyborg is sent from 2029 to 1984 to assassinate a waitress, whose unborn son will lead humanity in a war against the machines, while a soldier from that war is sent to protect her at all costs.",English,UK,5 wins & 6 nominations.,84,8.1,478116,tt0088247,Spanish,,,,,USA,,,,,,,,
219,Notorious,Approved,06 Sep 1946,101 min,Drama,Film-Noir,Alfred Hitchcock,Cary Grant,Ingrid Bergman,Claude Rains,Louis Calhern,A woman is asked to spy on a group of Nazi friends in South America. How far will she have to go to ingratiate herself with them?,English,USA,Nominated for 2 Oscars. Another 3 wins & 1 nomination.,,8.1,62671,tt0038787,French,Portuguese,,,Romance,,,,,,,,,
220,Groundhog Day,PG,12 Feb 1993,101 min,Comedy,Drama,Harold Ramis,Bill Murray,Andie MacDowell,Chris Elliott,Stephen Tobolowsky,A weatherman finds himself living the same day over and over again.,English,USA,Won 1 BAFTA Film Award. Another 6 wins & 7 nominations.,72,8.1,354739,tt0107048,French,Italian,,,Fantasy,,,,,,,,,
221,The King's Speech,R,25 Dec 2010,118 min,Biography,Drama,Tom Hooper,Colin Firth,Helena Bonham Carter,Derek Jacobi,Robert Portal,"The story of King George VI of the United Kingdom of Great Britain and Northern Ireland, his impromptu ascension to the throne and the speech therapist who helped the unsure monarch become worthy of it.",English,UK,Won 4 Oscars. Another 109 wins & 145 nominations.,88,8.1,396761,tt1504320,,,,,History,USA,Australia,,,,,,,
222,Fanny and Alexander,R,17 Dec 1982,188 min,Drama,,Ingmar Bergman,Kristina Adolphson,Börje Ahlstedt,Pernilla Allwin,Kristian Almgren,"Two young Swedish children experience the many comedies and tragedies of their family, the Ekdahls.",Swedish,Sweden,Won 4 Oscars. Another 21 wins & 8 nominations.,100,8.2,34865,tt0083922,German,Yiddish,English,,,France,West Germany,,,,,,,
223,Harry Potter and the Deathly Hallows: Part 2,PG-13,15 Jul 2011,130 min,Adventure,Fantasy,David Yates,Ralph Fiennes,Michael Gambon,Alan Rickman,Daniel Radcliffe,"Harry, Ron and Hermione search for Voldemort's remaining Horcruxes in their effort to destroy the Dark Lord as the final battle rages on at Hogwarts.",English,USA,Nominated for 3 Oscars. Another 48 wins & 75 nominations.,87,8.1,425987,tt1201607,,,,,Mystery,UK,,,,,,,,
224,X-Men: Days of Future Past,PG-13,23 May 2014,131 min,Action,Adventure,Bryan Singer,Hugh Jackman,James McAvoy,Michael Fassbender,Jennifer Lawrence,The X-Men send Wolverine to the past in a desperate effort to change history and prevent an event that results in doom for both humans and mutants.,English,USA,Nominated for 1 Oscar. Another 2 wins & 19 nominations.,74,8.1,345237,tt1877832,Vietnamese,French,,,Sci-Fi,UK,,,,,,,,
225,Ip Man,R,12 Dec 2008,106 min,Action,Biography,Wilson Yip,Donnie Yen,Simon Yam,Ka Tung Lam,Siu-Wong Fan,"A semi-biographical account of Yip Man, the first martial arts master to teach the Chinese martial art of Wing Chun.",Cantonese,Hong Kong,14 wins & 10 nominations.,59,8.1,123633,tt1220719,Mandarin,Japanese,,,Drama,China,,,,,,,,
226,Rocky,PG,03 Dec 1976,119 min,Drama,Sport,John G. Avildsen,Sylvester Stallone,Talia Shire,Burt Young,Carl Weathers,"Rocky Balboa, a small-time boxer gets a supremely rare chance to fight the heavy-weight champion, Apollo Creed, in a bout in which he strives to go the distance for his self-respect.",English,USA,Won 3 Oscars. Another 17 wins & 20 nominations.,,8.1,292218,tt0075148,,,,,,,,,,,,,,
227,"Monsters, Inc.",G,02 Nov 2001,92 min,Animation,Adventure,Pete Docter,John Goodman,Billy Crystal,Mary Gibbs,Steve Buscemi,"Monsters generate their city's power by scaring children, but they are terribly afraid themselves of being contaminated by children, so when one enters Monstropolis, top scarer Sulley finds his world disrupted.",English,USA,Won 1 Oscar. Another 15 wins & 34 nominations.,78,8.1,447936,tt0198781,,,,,Comedy,,,,David Silverman,,Lee Unkrich,,,
228,The Night of the Hunter,Approved,24 Nov 1955,92 min,Crime,Film-Noir,Charles Laughton,Robert Mitchum,Shelley Winters,Lillian Gish,James Gleason,"A religious fanatic marries a gullible widow whose young children are reluctant to tell him where their real daddy hid $10,000 he'd stolen in a robbery.",English,USA,1 win.,99,8.1,54002,tt0048424,,,,,Thriller,,,,Robert Mitchum,,Terry Sanders,,,
229,The Battle of Algiers,Not Rated,20 Sep 1967,121 min,Crime,Drama,Gillo Pontecorvo,Brahim Hadjadj,Jean Martin,Yacef Saadi,Samia Kerbash,"In the 1950s, fear and violence escalate as the people of Algiers fight for independence from the French government.",French,Italy,Nominated for 3 Oscars. Another 10 wins & 3 nominations.,94,8.2,29691,tt0058946,Arabic,English,,,History,Algeria,,,,,,,,
230,Dog Day Afternoon,R,21 Sep 1975,125 min,Crime,Drama,Sidney Lumet,Penelope Allen,Sully Boyar,John Cazale,Beulah Garrick,A man robs a bank to pay for his lover's operation; it turns into a hostage situation and a media circus.,English,USA,Won 1 Oscar. Another 14 wins & 17 nominations.,,8.1,154150,tt0072890,,,,,,,,,,,,,,
231,La Haine,Not Rated,23 Feb 1996,98 min,Crime,Drama,Mathieu Kassovitz,Vincent Cassel,Hubert Koundé,Saïd Taghmaoui,Abdel Ahmed Ghili,"After local youth Abdel is beaten unconscious by police, a riot ensues on his estate during which a policeman loses his gun. The gun is found by Vinz who threatens he will kill a cop if Abdel dies.",French,France,8 wins & 13 nominations.,,8.1,83876,tt0113247,,,,,,,,,,,,,,
232,Memories of Murder,Unrated,02 May 2003,132 min,Crime,Drama,Joon-ho Bong,Kang-ho Song,Sang-kyung Kim,Roe-ha Kim,Jae-ho Song,"In 1986, in the province of Gyunggi, in South Korea, a second young and beautiful woman is found dead, raped and tied and gagged with her underwear. Detective Park Doo-Man and Detective Cho...",Korean,South Korea,14 wins & 2 nominations.,82,8.1,49326,tt0353969,English,,,,Mystery,,,,,,,,,
233,Barry Lyndon,PG,18 Dec 1975,184 min,Drama,,Stanley Kubrick,Ryan O'Neal,Marisa Berenson,Patrick Magee,Hardy Krüger,An Irish rogue wins the heart of a rich widow and assumes her dead husband's aristocratic position in 18th-century England.,English,UK,Won 4 Oscars. Another 15 wins & 11 nominations.,,8.1,84008,tt0072684,German,French,,,,USA,,,,,,,,
234,Pirates of the Caribbean: The Curse of the Black Pearl,PG-13,09 Jul 2003,143 min,Adventure,Fantasy,Gore Verbinski,Johnny Depp,Geoffrey Rush,Orlando Bloom,Keira Knightley,"Blacksmith Will Turner teams up with eccentric pirate ""Captain"" Jack Sparrow to save his love, the governor's daughter, from Jack's former pirate allies, who are now undead.",English,USA,Nominated for 5 Oscars. Another 29 wins & 76 nominations.,63,8.1,659872,tt0325980,,,,,,,,,,,,,,
235,A Fistful of Dollars,R,18 Jan 1967,99 min,Western,,Sergio Leone,Clint Eastwood,Marianne Koch,Gian Maria Volonté,Wolfgang Lukschy,"A wandering gunfighter plays two rival families against each other in a town torn apart by greed, pride, and revenge.",Italian,Italy,1 win & 1 nomination.,,8.1,111116,tt0058461,Spanish,English,,,,Spain,West Germany,,,,,,,
236,Who's Afraid of Virginia Woolf?,TV-MA,22 Jun 1966,131 min,Drama,,Mike Nichols,Elizabeth Taylor,Richard Burton,George Segal,Sandy Dennis,"A bitter aging couple with the help of alcohol, use a young couple to fuel anguish and emotional pain towards each other.",English,USA,Won 5 Oscars. Another 22 wins & 18 nominations.,,8.1,46976,tt0061184,Latin,Spanish,,,,,,,,,,,,
237,The Truman Show,PG,05 Jun 1998,103 min,Drama,,Peter Weir,Jim Carrey,Laura Linney,Noah Emmerich,Natascha McElhone,An insurance salesman/adjuster discovers his entire life is actually a T.V. show.,English,USA,Nominated for 3 Oscars. Another 36 wins & 51 nominations.,90,8.1,534650,tt0120382,,,,,,,,,,,,,,
238,Castle in the Sky,PG,02 Aug 1986,124 min,Animation,Action,Hayao Miyazaki,Anna Paquin,James Van Der Beek,Cloris Leachman,Mark Hamill,A young boy and a girl with a magic crystal must race against pirates and foreign agents in a search for a legendary floating castle.,Japanese,Japan,1 win.,,8.1,75694,tt0092067,,,,,Adventure,,,,,,,,,
239,The Road,Not Rated,16 Jul 1956,108 min,Drama,,Federico Fellini,Anthony Quinn,Giulietta Masina,Richard Basehart,Aldo Silvani,"A care-free girl is sold to a traveling entertainer, consequently enduring physical and emotional pain along the way.",Italian,Italy,Won 1 Oscar. Another 10 wins & 4 nominations.,,8.1,39730,tt0047528,,,,,,,,,,,,,,
240,The Help,PG-13,10 Aug 2011,146 min,Drama,,Tate Taylor,Emma Stone,Viola Davis,Bryce Dallas Howard,Octavia Spencer,"An aspiring author during the civil rights movement of the 1960s decides to write a book detailing the African-American maids' point of view on the white families for which they work, and the hardships they go through on a daily basis.",English,USA,Won 1 Oscar. Another 72 wins & 94 nominations.,62,8.1,261975,tt1454029,,,,,,India,United Arab Emirates,,,,,,,
241,Jurassic Park,PG-13,11 Jun 1993,127 min,Adventure,Sci-Fi,Steven Spielberg,Sam Neill,Laura Dern,Jeff Goldblum,Richard Attenborough,"During a preview tour, a theme park suffers a major power breakdown that allows its cloned dinosaur exhibits to run amok.",English,USA,Won 3 Oscars. Another 24 wins & 16 nominations.,68,8,448190,tt0107290,Spanish,,,,Thriller,,,,,,,,,
242,The Big Sleep,Approved,31 Aug 1946,114 min,Crime,Film-Noir,Howard Hawks,Humphrey Bogart,Lauren Bacall,John Ridgely,Martha Vickers,"Private detective Philip Marlowe is hired by a rich family. Before the complex case is over, he's seen murder, blackmail, and what might be love.",English,USA,1 win.,,8.1,55801,tt0038355,,,,,Mystery,,,,,,,,,
243,Roman Holiday,Not Rated,02 Sep 1953,118 min,Comedy,Drama,William Wyler,Gregory Peck,Audrey Hepburn,Eddie Albert,Hartley Power,A bored and sheltered princess escapes her guardians and falls in love with an American newsman in Rome.,English,USA,Won 3 Oscars. Another 8 wins & 14 nominations.,76,8.1,80755,tt0046250,Italian,German,,,Romance,,,,,,,,,
244,The Graduate,Approved,22 Dec 1967,106 min,Comedy,Drama,Mike Nichols,Anne Bancroft,Dustin Hoffman,Katharine Ross,William Daniels,"Recent college graduate Benjamin Braddock is trapped into an affair with Mrs. Robinson, who happens to be the wife of his father's business partner and then finds himself falling in love with her daughter, Elaine.",English,USA,Won 1 Oscar. Another 22 wins & 13 nominations.,77,8.1,183131,tt0061722,,,,,Romance,,,,,,,,,
245,Papillon,R,16 Dec 1973,151 min,Biography,Crime,Franklin J. Schaffner,Steve McQueen,Dustin Hoffman,Victor Jory,Don Gordon,"A man befriends a fellow criminal as the two of them begin serving their sentence on a dreadful prison island, which inspires the man to plot his escape.",English,France,Nominated for 1 Oscar. Another 2 wins & 1 nomination.,,8.1,79888,tt0070511,Spanish,,,,Drama,USA,,,,,,,,
246,Beauty and the Beast,G,22 Nov 1991,84 min,Animation,Family,Gary Trousdale,Paige O'Hara,Robby Benson,Richard White,Jerry Orbach,"Belle, whose father is imprisoned by the Beast, offers herself instead and discovers her captor to be an enchanted prince.",English,USA,Won 2 Oscars. Another 22 wins & 20 nominations.,,8.1,244949,tt0101414,French,,,,Fantasy,,,,Kirk Wise,,,,,
247,Prisoners,R,20 Sep 2013,153 min,Crime,Drama,Denis Villeneuve,Hugh Jackman,Jake Gyllenhaal,Viola Davis,Maria Bello,"When Keller Dover's daughter and her friend go missing, he takes matters into his own hands as the police pursue multiple leads and the pressure mounts. But just how far will this desperate father go to protect his family?",English,USA,Nominated for 1 Oscar. Another 10 wins & 28 nominations.,74,8.1,275412,tt1392214,,,,,Thriller,,,,,,,,,
248,The Hustler,Unrated,25 Sep 1961,134 min,Drama,Sport,Robert Rossen,Paul Newman,Jackie Gleason,Piper Laurie,George C. Scott,An up-and-coming pool player plays a long-time champion in a single high-stakes match.,English,USA,Won 2 Oscars. Another 15 wins & 14 nominations.,,8.1,53885,tt0054997,,,,,,,,,,,,,,
249,Le Samouraï,PG,25 Oct 1967,101 min,Crime,Drama,Jean-Pierre Melville,Alain Delon,François Périer,Nathalie Delon,Cathy Rosier,"After killing a night-club owner, professional hitman Jef Costello's seen by witnesses. His efforts to provide himself with an alibi fail and more and more he gets driven into a corner.",French,France,N/A,,8.2,24890,tt0062229,,,,,Mystery,Italy,,,,,,,,
250,In the Mood for Love,PG,29 Sep 2000,98 min,Drama,Romance,Kar Wai Wong,Maggie Cheung,Tony Chiu Wai Leung,Ping Lam Siu,Tung Cho 'Joe' Cheung,"Two neighbors, a woman and a man, form a strong bond after both suspect extramarital activities of their spouses. However, they agree to keep their bond platonic so as not to commit similar wrongs.",Cantonese,Hong Kong,Nominated for 1 BAFTA Film Award. Another 48 wins & 29 nominations.,85,8.1,63295,tt0118694,Shanghainese,French,,,,France,,,,,,,,
